HP0000016,HP0000016,ปัสสาวะไม่ออก,(ปัสสาวะ|ฉี่|เยี่ยว)(ไม่ออก|ขัด|ลำบาก),,,,7,,,,,,,,,,,,,,,,,,,,,,,,,
HP0000020,HP0000020,กลั้นปัสสาวะไม่ได้,(กลั้น|อั้น)(ปัสสาวะ|ฉี่|เยี่ยว)ไม่(ได้|อยู่),,,,8,,,,,,,,,,,,,,,,,,,,,,,,,
HP0000103,HP0000103,ปัสสาวะบ่อย,(ปวด|อยาก|ชอบ)?(ปัสสาวะ|ฉี่|เยี่ยว)่บ่อย(มาก(ๆ)?)?,,,,6,,,,,,,,,,,,,4,,,,,,,,,,,,
HP0000141,HP0000141,ประจำเดือนมาผิดปกติ,(ไม่มี)?(ประจำเดือน|เมนส์)(ไม่มา|มา)?(ผิดปกติ|ขาด|หาย|เยอะ|มาก|น้อย|ไม่ตรง),,,,,,,,,,,10,,,,,,,,,,,,,,,,,,
HP0000155,HP0000155,แผลในปาก,((มี)?(แผล|ตุ่ม(น้ำ)?(ใส)?(ขึ้น)?)(ใน|ที่|แถวๆ|บริเวณ)((ใน)?(ช่อง)?(ริมฝี)?ปาก|ลิ้น)|ร้อนใน|(แสบ|เจ็บ)ปาก|ปาก(เป็น|มี)(แผล|ตุ่ม(น้ำ)?(ใส)?(ขึ้น)?(มา)?)),,,,,,,,,,8,,,,,,,,,,,,,,,,,,,
HP0000164,HP0000164,ตรวจฟัน,((ต้องการ|อยาก)(นัด)?|มีนัด)?(มา(ทำการ)?)?ตรวจฟัน,(ปลอม|เทียม),,,,,,,,,,,,,,,,,,,,,,,,,,,10,
HP0000225,HP0000225,เลือดออกตามไรฟัน,(พอ)?แปรงฟัน(แล้ว(มี)?|มี)?เลือด(ออก|ไหล)((ที่)?ฟัน((กราม|หน้า)?ด้าน((บน|ล่าง)((ฝั่ง|ซีก)?(ซ้าย|ขวา))?|((ฝั่ง|ซีก)(ซ้าย|ขวา)(ด้าน|ส่วน)?(บน|ล่าง)?)))?)?|(มี)?เลือดออก(ที่ฟัน((กราม|หน้า)?ด้าน((บน|ล่าง)((ฝั่ง|ซีก)?(ซ้าย|ขวา))?|((ฝั่ง|ซีก)(ซ้าย|ขวา)(ด้าน|ส่วน)?(บน|ล่าง)?)))?|(ขณะ|ตอนที่)แปรงฟัน),,,,,,,,,,,,,,,,,,,,,,,,,,,,10,
HP0000230,HP0000230,เหงือกบวม,(((มี)?อาการ)?บวม(บริเวณ|ที่|ใน|ตรง)?เหงือก|เหงือก(บวม|อักเสบ|ร่น)),,,,,,,,,,,,,,,,,,,,,,,,,,,,7,
HP0000246,HP0000246,ไซนัสอักเสบ,(ไซนัส(อักเสบ)?|ปวดระหว่างคิ้ว),,,,,,,,,,10,,,,,,,,,,,,,,,,,,,
HP0000360,HP0000360,หูอื้อ,(มี)?(อาการเหมือน)?(ได้ยิน)?((มี)?เสียง(ก้อง|รบกวน|อะไร)?(อยู่)?ใน(รู)?หู((ข้าง|ด้าน)?(ซ้าย|ขวา)|ทั้งสองข้าง)?(มีเสียง|วิ้ง)?|หู((ข้าง|ด้าน)?(ซ้าย|ขวา)|ทั้งสองข้าง)?(อื้อ|วิ้ง)),,,,,,,,,,10,,,,,,,,,,,,,,,,,,,
HP0000365,HP0000365,หูตึง,(หู((ข้าง)?(ซ้าย|ขวา)|ทั้งสองข้าง)?(ตึง|หนวก)|ไม่ค่อยได้ยิน|(การ)?ได้ยิน(ลดลง|ไม่(ค่อย)?ชัด|เบา|แย่ลง)),,,,,,,,,,10,,,,,,,,,,,,,,,,,,,
HP0000384,HP0000384,มีติ่งเนื้อ,(มี)?ติ่งเนื้อ(ยื่น|ยืน|งอก|ออก)?(มา)?(ที่|บริเวณ)?(ก้น|เอว|คอ|ขา(หนีบ)?|แก้ม|แขน|(หาง|หัว)?ตา|รักแร้|ข้อ(พับ|ศอก))?((ข้าง)?(ซ้าย|ขวา)|ทั้งสองข้าง)?,,,,,,,,,,,,,6,,,,,,,,,,,,,,,,
HP0000421,HP0000421,เลือดกำเดาไหล,((มี)?เลือด|มี)กำเดา(ออก|ไหล)?(จาก(ที่)?)?(จมูก((ข้าง)?(ซ้าย|ขวา)|ทั้งสองข้าง)?)?,,,,,,,,,,10,,,,,,,,,,,,,,,,,,,
HP0000458,HP0000458,จมูกไม่ได้กลิ่น,(จมูก|ดม(แล้ว)?)ไม่(ได้|รู้)กลิ่น,,,,,,,,,,,,,,,,,,,,,,,,,,,,,100
HP0000483,HP0000483,สายตาเอียง,((สาย)?ตา((ข้าง)?(ซ้าย|ขวา)|ทั้งสองข้าง)?เอียง|ใช้สายตา((ข้าง)?(ซ้าย|ขวา)|ทั้งสองข้าง)?แล้วเวียน(หัว|ศีรษะ)),,สายใต้,,,,,,,10,,,,,,,,,,,,,,,,,,,,
HP0000501,HP0000501,ต้อหิน,((เป็น)ต้อหิน|เห็นข้างๆไม่ชัด|มองไม่เห็นด้านข้าง),,,,,,,,,10,,,,,,,,,,,,,,,,,,,,
HP0000509,HP0000509,ตาแดง,(ตา((ข้าง)?(ซ้าย|ขวา)|ทั้งสองข้าง)?(แดง(แห้ง)?)|เยื่อบุตา((ข้าง)?(ซ้าย|ขวา)|ทั้งสองข้าง)?อักเสบ),,,,,,,,,10,,,,,,,,,,,,,,,,,,,,
HP0000518,HP0000518,ต้อกระจก,ตา((ข้าง)?(ซ้าย|ขวา)|ทั้งสองข้าง)?((เป็น)?ต้อกระจก|ฟาง|มองไม่ค่อยเห็น),,,,,,,,,10,,,,,,,,,,,,,,,,,,,,
HP0000540,HP0000540,สายตายาว,((สาย)?ตายาว|ตา((ข้าง)?(ซ้าย|ขวา)|ทั้งสองข้าง)?มองใกล้ไม่(เห็น|ชัด)),,,,,,,,,10,,,,,,,,,,,,,,,,,,,,
HP0000545,HP0000545,สายตาสั้น,((สาย)?ตาสั้น|ตา((ข้าง)?(ซ้าย|ขวา)|ทั้งสองข้าง)?มองไกลไม่(เห็น|ชัด)),,,,,,,,,10,,,,,,,,,,,,,,,,,,,,
HP0000579,HP0000579,ท่อน้ำตาอุดตัน,(ท่อ)?(น้ำ)?ตา((ข้าง)?(ซ้าย|ขวา)|ทั้งสองข้าง)?(อุด)?(ตัน|ไหล),,,,,,,,,10,,,,,,,,,,,,,,,,,,,,
HP0000643,HP0000643,ตากระตุก,(((มี)?อาการ)?(ตา|คิ้ว)((ข้าง)?(ซ้าย|ขวา)|ทั้งสองข้าง)?กระตุก|(ตา|คิ้ว)((ข้าง)?(ซ้าย|ขวา)|ทั้งสองข้าง)?กระตุก),,,,,,,,,,,,,,,,,,,,,,,,8,,,,,
HP0000646,HP0000646,ตาพร่ามัว,(ตา((ข้าง)?(ซ้าย|ขวา)|ทั้งสองข้าง)?((พร่า)?มัว|พร่า|ฝ้า(ฟาง)?|ลาย)|(มอง)?(เห็นเงา|เห็นภาพผิดปกติ)),,yes,,,,,,,10,,,,,,,,,,,,,,,,,,5,,
HP0000651,HP0000651,ภาพซ้อน,(เห็น)?ภาพ((ทับ)?ซ้อน(กัน)?|2(อัน|รูป)|บิดเบี้ยว|หาย),,,,,,,,,,,,,,,,,,,,,,,,3,,,5,,
HP0000670,HP0000670,ปวดฟัน,(ปวด|เจ็บ)(ที่)?ฟัน((กราม|หน้า)?ด้าน((บน|ล่าง)((ฝั่ง|ซีก)?(ซ้าย|ขวา))?|((ฝั่ง|ซีก)(ซ้าย|ขวา)(ด้าน|ส่วน)?(บน|ล่าง)?)))?|ฟัน((กราม|หน้า)?ด้าน((บน|ล่าง)((ฝั่ง|ซีก)?(ซ้าย|ขวา))?|((ฝั่ง|ซีก)(ซ้าย|ขวา)(ด้าน|ส่วน)?(บน|ล่าง)?)))?(ผุ|เป็นแมง|ปวด),,,,,,,,,,,,,,,,,,,,,,,,,,,,10,
HP0000678,HP0000678,ฟันเก,ฟัน((กราม|หน้า)?ด้าน((บน|ล่าง)((ฝั่ง|ซีก)?(ซ้าย|ขวา))?|((ฝั่ง|ซีก)(ซ้าย|ขวา)(ด้าน|ส่วน)?(บน|ล่าง)?)))?((ที่)?(ขึ้น(มา(ใหม่)?)?)?ซ้อน|เก),,,,,,,,,,,,,,,,,,,,,,,,,,,,10,
HP0000687,HP0000687,ฟันห่าง,(ซี่)?ฟัน((กราม|หน้า)?ด้าน((บน|ล่าง)((ฝั่ง|ซีก)?(ซ้าย|ขวา))?|((ฝั่ง|ซีก)(ซ้าย|ขวา)(ด้าน|ส่วน)?(บน|ล่าง)?)))?(หน้า|บน|ล่าง)?(ด้าน|ฝั่ง|ซีก)?(ซ้าย|ขวา)?(ขึ้น)?ห่าง,,,,,,,,,,,,,,,,,,,,,,,,,,,,10,
HP0000716,HP0000716,อาการทางจิต,((มอง)?(เห็น)?ภาพหลอน|หูแว่ว|อาการทางจิต|ซึมเศร้า),,,,,,,,,,,,,,,,,,,,,,,,,,6,,,
HP0000789,HP0000789,วางแผนครอบครัว/มีบุตร,((ขอ(คำ)?)?ปรึกษา|(การ)?วางแผนครอบครัว)(อยาก|ต้องการ)?(มี(ลูก|บุตร|น้อง)),,,,,,,,,,,10,,,,,,,,,,,,,,,,,,
HP0000790,HP0000790,ปัสสาวะปนเลือด,(ปัสสาวะ|ฉี่)(เป็น|มี(สี)?|สี|ปน)?(เลือด(ออก)?|(สี)?แดง),,,,7,,,,,,,,,,,,,,,,,,,,,,,,,
HP0000822,HP0000822,ความดันสูง,(พอ)?(วัด)?ความดัน(ตัว)?(บน|ล่าง|ทั้งสองตัว)?สูง(ขึ้น)?(มาก)?,,,,,,,,,,,,7,,,,,,,,,,,,,,,,,
HP0000939,HP0000939,ภาวะกระดูกพรุน,(มี)?(ภาวะ)?กระดูกพรุน,,,,,,,9,,,,,,,,,,,,,,,,,,,,,,
HP0000964,HP0000964,กลาก,(มี|เป็น)?(ขี้)?กลาก((ที่ผิวหนัง|(บริเวณ|ที่)((แขน|ขา))|ลำตัว|หน้า)((ข้าง)?(ซ้าย|ขวา)|ทั้งสองข้าง)?)?,,,,,,,,,,,,,6,,,,,,,,,,,,,,,,
HP0000975,HP0000975,เหงื่อออกมาก,เหงื่อออก(มาก|เยอะ)?(ตาม|ที่)?(มือเท้า|รักแร้|หัว|ทุกส่วนของร่างกาย)?,,,,,,,,,,,,5,,,,,,,,,,,,,,,,,
HP0000988,HP0000988,ผื่นแดง,((เป็น|มี)?(ผื่น(แดง|แพ้)|ลมพิษ|ผด(ร้อน)?)((ตาม|ที่)(ผิวหนัง|ตัว))?|((ตาม|ที่)(ผิวหนัง|ตัว))(เป็น|มี)(ผื่น(แดง|แพ้)|ลมพิษ|ผด(ร้อน)?)),(นม|หน้าอก),,,,,,,,,,,,8,,,,,,,,,,,,,,,,
HP0000989,HP0000989,คัน,(คัน((((ตรง)?บริเวณ|(ตรง)?ที่)|แถวๆ)(ผิวหนัง|แขน|ขา|ลำตัว|หน้า)((ข้าง|ด้าน|ซึก)?(ซ้าย|ขวา|ทั้งสองข้าง)?)?)|((((ตรง)?บริเวณ|(ตรง)?ที่)|แถวๆ)(ผิวหนัง|แขน|ขา|ลำตัว|หน้า)((ข้าง|ด้าน|ซึก)?(ซ้าย|ขวา|ทั้งสองข้าง)?)?)มีอาการคัน),,,,,,,,,,,,,10,,,,,,,,,,,,,,,,
HP0001063,HP0001063,ปลายมือเขียวคล้ำ,ปลาย((นิ้ว)?มือ|นิ้ว)(เขียว(คล้ำ)?|คล้ำ),,,,,,,,,,,,7,,,,,,,,,,,,,,,,,
HP0001097,HP0001097,ตาแห้ง,ตา((ข้าง)?(ซ้าย|ขวา)|ทั้งสองข้าง)?แห้ง,,,,,,,,,10,,,,,,,,,,,,,,,,,,,,
HP0001250,HP0001250,ชักเกร็ง,(ชัก(พร้อม(ๆ)?(กับ)?(มี)?(อาการ)?)?เกร็ง|(เป็น)?ลมชัก|เกร็ง(ตอน(ที่)?)?ชัก),,yes,,,,,,,,,,,,,,,,,,,,,,7,,,10,,
HP0001257,HP0001257,ตะคริว,(ตะคริว((เกิด)?(บริเวณ|แถวๆ|ที่)(((ต้น)?แขน|(แก้ม)?ก้น|(ต้น)?ขา|น่อง|(หน้า)?แข้ง)((ข้าง)?(ซ้าย|ขวา)|ทั้งสองข้าง)?))?|ปวดน่อง((ข้าง)?(ซ้าย|ขวา)|ทั้งสองข้าง)?เหมือนเป็นตะคริว),,,,,,,10,,,,,,,,,,,,,,,,,7,,,,,
HP0001279,HP0001279,หน้ามืดจะเป็นลม,(หน้ามืด(เหมือน)?(จะ)?(เป็นลม(หมดสติ)?|วูบ|หมดสติ)?|เป็นลม|วูบ),,,,,,,,,,,,,,,,,,,,,,,,,,,8,,
HP0001596,HP0001596,ผมร่วง,(ผม(ร่วง|หลุด|บาง)|หัวล้าน),,,,,,,,,,,,,8,,,,,,,,,,,,,,,,
HP0001597,HP0001597,เล็บมีปัญหา,((ขอบ)?เล็บ(มีปัญหา|เปื่อย|ขาวซีด|เหลือง|ขบ|ฉีก|บวมแดง(อักเสบ)?)(เป็นบางส่วน)?|(เชื้อราที่|บวมที่ขอบ)เล็บ),,,,,,,,,,,,,6,,,,,,,,,,,,,,,,
HP0001609,HP0001609,เสียงแหบ,(เสียง(แหบ|เปลี่ยน)|ไม่มีเสียง),,,,,,,,,,5,,,,,,,,,,,,,,,,,,,
HP0001742,HP0001742,คัดจมูก,((คัด(แน่น)?|แน่น|แสบ)จมูก((ข้าง)?(ซ้าย|ขวา)|ทั้งสองข้าง)?|จมูก((ข้าง)?(ซ้าย|ขวา)|ทั้งสองข้าง)?(มีอาการ)?(คัด(แน่น)?|แน่น|แสบ)),,,,,,,,,,10,,,,,,,,,,,4,,,,,,,,
HP0001785,HP0001785,เท้าบวม,(เท้า((ข้าง)?(ซ้าย|ขวา)|ทั้งสองข้าง)?บวม|บวม(ตรง)?(ที่)?เท้า((ข้าง)?(ซ้าย|ขวา)|ทั้งสองข้าง)?),,,,,,,4,,,,,6,,,,,,,,,,,,,,,,,
HP0001824,HP0001824,น้ำหนักตัวลดผิดปกติ,น้ำหนัก(ตัว)?ลด((อย่าง|เร็ว)?ผิดปกติ|ลง)?,,,,,,,,,,,,,,,7,,,,,,,,,,,,,,
HP0001892,HP0001892,มีเลือดออกตามร่างกาย,(มี)?(จุด)?เลือด(ออก|ไหล)(ตาม|จาก|ที่|บริเวณ)(ร่างกาย|ตัว|ปาก|(ตา|รักแร้|ฝ่ามือ|นิ้วมือ|แขน|ขา|เข่า|นิ้วเท้า)((ข้าง)?(ซ้าย|ขวา)|ทั้งสองข้าง)?),(หยุด|ฟัน),,,,,,,,,,,,,,,,,,,3,,,,,,,7,,
HP0001945,HP0001945,ไข้,((เป็น|มี)?ไข้(ตัวร้อน)?((ครั่น|คัน)เนื้อ(ครั่น|คัน)?ตัว)?|(ตัว|หัว)ร้อน(ลุ่ม|รุ่ม|รุม(ๆ)?)|อุณหภูมิ(ใน)?(ร่างกาย)สูง),(หอบ|เหนื่อย|เจ็บหน้าอก|เด็ก),,,,,,,,,,,,,,,,,,,,,,,,,,,,100
HP0001962,HP0001962,ใจสั่น,(รู้สึก)?(ว่า)?(หัว)?ใจ(สั่น|เต้นเร็ว|หวิว),,yes,,,,,,,,,,7,,,,,,,,,,,,,,,10,,
HP0001997,HP0001997,โรคเก๊า,(เป็น)?((โรค)?เก๊า|เท้า((ข้าง|ด้าน)?(ซ้าย|ขวา)|ทั้งสองข้าง)(บวม(และ)?(ปวด|(กด)?เจ็บ)|ปวดบวม)),,,,,,,,,,,,,,,7,,,,,,,,,,,,,,
HP0002013,HP0002013,อาเจียน,((หลัง)?((กิน|ทาน)(อาหาร|ข้าว)(เช้า|เที่ยง|เย็น)?(เสร็จ)?(แล้ว)?ก็)?((อาเจียน|อ้วก|แหวะ)|สำรอกอาหาร)(ออกมา)?|((อาเจียน|อ้วก|แหวะ)|สำรอกอาหาร)(ออกมา)?(หลัง)?((กิน|ทาน)(อาหาร|ข้าว)(เช้า|เที่ยง|เย็น)?)),(สีเขียว|เลือด),,,,,,,,,,7,,,,,,,,,,,,,,10,,,,
HP0002014,HP0002014,ท้องเสีย/ถ่ายเหลว,(ท้องเสีย|ขี้ไหล|ขี้แตก|(ขี้|ถ่าย)(เป็นน้ำ|เหลว))(เฉียบพลัน)?,,,,,,,,,,,5,,,,7,,,,,,,,,,10,,,,
HP0002015,HP0002015,กลืนลำบาก,(กลืน|กิน)(อาหาร|ข้าว|น้ำลาย)?(ไม่(ลง|ได้)|(เข้าไป)?ลำบาก|แล้วเจ็บ),,,,,,,,,,5,,,,,,,,,,,,,,,,,,,
HP0002017,HP0002017,คลื่นไส้,(คลื่นไส้|พะอืดพะอม),,,,,,,,,,,4,,,,5,,,,,,,,,,6,,,,
HP0002020,HP0002020,กรดไหลย้อน,(กรดไหลย้อน|แสบลิ้นปี่|เรอเปรี้ยว),,,,,,,,,,,,,,,,,,,,,,,,,8,,,,
HP0002027,HP0002027,ปวดท้อง,((จุก|ตุ่ย|มวน|แน่น|ปวด(มวน)?)(ท้อง|กระเพาะ)|เรอบ่อย|แสบร้อนกลางอก)(แบบเป็นๆหายๆ)?,(เมนส์|(รอบ|วันนั้นของ|ประจำ)เดือน|ผู้หญิง),,4,,,,,,,,,,,,,,,,,,,,,,6,,,,
HP0002090,HP0002090,ปอดบวม,(ปอดบวม|(เป็น|มี)ไข้ร่วมกับไอ(หอบ|เหนื่อย|เจ็บหน้าอก)|ไอ(หอบ|เหนื่อย|เจ็บหน้าอก)((ในขณะ|ตอน)(ที่)?)?(เป็น|มี)ไข้),,,,,,,,,,,,,,,,8,,,,,,,,,,,,,
HP0002094,HP0002094,หายใจไม่สะดวก,หายใจ(ขัด|(ได้)?ไม่(ค่อย)?(สะดวก|คล่อง|ออก)|ติด(ขัด)?|ทางปาก|ลำบาก),ยา,,,,,,,,,,,,,,,,,,,,,,,,,,,,100
HP0002099,HP0002099,ปรึกษาเรื่ื่องหอบหืด,(ต้องการ)?(มา)?(ปรึกษา(เรื่ื่อง)?)?((หอบ)?หืด|หอบ),,,,,,,,,,,,,,,,7,,,,,,,,,,,,,
HP0002105,HP0002105,ไอเป็นเลือด,ไอ(จน)?((ออกมา)?เป็นเลือด|เจ็บหน้าอก),,,,,,,,,,,,,,,,7,,,,,,,,,,,,,
HP0002232,HP0002232,ปัญหาเส้นผม,(ปัญหาเส้นผม|(ผม(ร่วง|หลุด|บาง)|หัวล้าน)),,,,,,,,,,,,,6,,,,,,,,,,,,,,,,
HP0002248,HP0002248,อาเจียนเป็นเลือด,(อาเจียน|อ้วก)(ออกมา(แล้ว)?|แล้ว)?(เป็น|มี)เลือด,,,,,,,,,,,,,,,,,,,,,,,,,4,,,,
HP0002249,HP0002249,ถ่ายเป็นสีดำ,(ถ่าย(อุจจาระ)?|ขี้|อึ)(แล้ว)?(มี|เป็น)?(สี)?ดำ,,,,,,,,,,,,,,,,,,,,,,,,,,,8,,
HP0002315,HP0002315,ไมเกรน,((ปวด(มึน)?|หนัก)(หัว|ศีรษะ)(อย่างรุนแรง|ตุ้บตุ้บ|(ที่|ตรง)(โหนกแก้ม|ระหว่างคิ้ว))|ไมเกรน|[Ha]eadache),,,,,,,,,,,,,,,,,,,,,,,,7,,,,,
HP0002321,HP0002321,เวียนศีรษะ,((เวียน|มึน)(หัว|ศีรษะ|งง)|บ้านหมุน|วิงเวียน|หัวมึน|น้ำในหูไม่เท่ากัน),,,,,,,,,,5,,,,,,,,,,,,,,5,,,7,,
HP0002378,HP0002378,มือสั่น,มือ((ข้าง)?(ซ้าย|ขวา)|ทั้งสองข้าง)?(สั่น|กระตุก)(ตลอดเวลา|เป็นพัก(ๆ)?)?,,,,,,,,,,,,,,,,,,,,,,,,5,,,7,,
HP0002573,HP0002573,ถ่ายเป็นเลือดสด,(ถ่าย(อุจจาระ)?|ขี้|อึ)(แล้ว)?ออกมา(มี|เป็น)?(สี)?ดำ,,yes,6,,,,,,,,,,,,,,,,,,,,,,,,10,,
HP0002591,HP0002591,หิวบ่อย,(หิวบ่อย|(อยาก|เจริญ)อาหาร),,,,,,,,,,,,,,,7,,,,,,,,,,,,,,
HP0002615,HP0002615,ความดันต่ำ,(พอ)?(วัด)?ความดัน(ตัว)?(บน|ล่าง|ทั้งสองตัว)?(ต่ำ|ตก)(ลง(ไป)?)?(มาก)?,,,,,,,,,,,,7,,,,,,,,,,,,,,,,,
HP0002883,HP0002883,หายใจเหนื่อย,(หายใจ(แล้ว)?เหนื่อย|หอบหืด|หายใจเร็ว),,yes,,,,,,,,,,,,,,,,,,,,,,,,,10,,100
HP0002979,HP0002979,ขาโก่ง,ขา((ข้าง)?(ซ้าย|ขวา)|ทั้งสองข้าง)?โก่ง,,,,,,,8,,,,,,,,,,,,,,,,,,,,,,
HP0003110,HP0003110,ปัสสาวะขุ่น,ปัสสาวะ(ออกมา)?(มี|เป็น)?(สี)?(ขุ่น|(มี)?สีผิดปกติ),,,,,,,,,,,,,,,,,,7,,,,,,,,,,,
HP0003115,HP0003115,คลื่นหัวใจไฟฟ้าผิดปกติ,(คลื่นไฟฟ้า)?หัวใจ(วัดได้(ผล)?(ว่า)?)?((ค่อนข้าง(จะ)?)?ผิดปกติ|(มีการเต้น)?ผิดจังหวะ),,,,,,,,,,,,7,,,,,,,,,,,,,,,,,
HP0003116,HP0003116,ปรึกษาเรื่องการตรวจ Echo,(ปรึกษา)?เรื่องการตรวจ(หัวใจ)? [Ee]cho,,,,,,,,,,,,7,,,,,,,,,,,,,,,,,
HP0003270,HP0003270,ท้องอืด,((อึดอัด)?(แน่น(เสียด)?|เสียด)ท้อง|ท้อง(อืด|ผูก)|อาหารไม่ย่อย|ปวดจุกเสียด),,,,,,,,,,,,,,,,,,,,,,,,,6,,,,
HP0003418,HP0003418,ปวดหลัง,(ปวด|เมื่อย(ล้า)?|ล้า)หลัง(?!จาก|แล้ว|ก่อน),,,,,,,7,,,,5,,,,,,,,,,,,,,,,,,
HP0003690,HP0003690,แขนหรือขาอ่อนแรง,((แขน((ข้าง)?(ซ้าย|ขวา)|ทั้งสองข้าง)?((หรือ|และ)?ขา)?|ขา((ข้าง)?(ซ้าย|ขวา)|ทั้งสองข้าง)?((หรือ|และ)?แขน)?)(อ่อน|หมด|ไม่มี)แรง|เดิน(ไม่สะดวก|เซ|ไม่(ค่อย)?(ไหว|ตรง))),,yes,,,,,,,,,,,,,,,,,,,,,,7,,,10,,
HP0003764,HP0003764,จี้ไฝ,(ต้องการ|อยาก)?(จี้|แก้|กำจัด)ไฝ(ที่(หน้า(อก)?|รักแร้|(ฝ่า)?มือ|(นิ้ว)?มือ|แขน|ขา|เข่า|นิ้วเท้า)?((ข้าง)?(ซ้าย|ขวา)|ทั้งสองข้าง)?)?,,,,,,,,,,,,,6,,,,,,,,,,,,,,,,
HP0003834,HP0003834,ไหล่หลุด,ไหล่((ข้าง)?(ซ้าย|ขวา)|ทั้งสองข้าง)?หลุด,,,,,,,6,,,,,,,,,,,,,,,,,,,,,,
HP0004426,HP0004426,ผิวบวมแดง,(ผิว(หน้า)?|แก้ม|หน้า)((ข้าง)?(ซ้าย|ขวา)|ทั้งสองข้าง)?(บวม)?แดง,,,,,,,,,,,,,,,,,,,,,4,,,,,,,,
HP0005360,HP0005360,อีสุกอีใส,(เกิด|มี)?(อีสุกอีใส|ตุ่ม(ใส|น้ำ(ใส)?))(ขึ้น)?ตามตัว,,,,,,,,,,,,,,,,,,,,,,,,,,,,,100
HP0006286,HP0006286,ฟันเหลือง,(ฟัน(หน้า|บน|ล่าง)?(ด้าน|ฝั่ง|ซีก)?(ซ้าย|ขวา)?(มี)?(คราบ)?เหลือง|(มี)?(คราบ)?เหลือง(ที่|ตรง)ฟัน(หน้า|บน|ล่าง)?(ด้าน|ฝั่ง|ซีก)?(ซ้าย|ขวา)?),,,,,,,,,,,,,,,,,,,,,,,,,,,,10,
HP0007587,HP0007587,กระ,(จี้|เป็น|มี)(กระ|กะ)ที่(ผิว(หน้า)?|แก้ม|หน้า)((ข้าง)?(ซ้าย|ขวา)|ทั้งสองข้าง)?,,,,,,,,,,,,,6,,,,,,,,,,,,,,,,
HP0007623,HP0007623,ผิวร้อนไหม้,(ผิว(ร้อน|แดง)?ไหม้|โดนแดด(จนดำ|เลียผิว)|ผิว((โดน|ไหม้(จาก)?)แดด|แดง)),,,,,,,,,,,,,6,,,,,,,,,,,,,,,,
HP0007641,HP0007641,ตาบอดสี,ตา((ข้าง)?(ซ้าย|ขวา)|ทั้งสองข้าง)?((บอด|มองไม่เห็น)สี|แยกสีไม่ได้),,,,,,,,,10,,,,,,,,,,,,,,,,,,,,
HP0008066,HP0008066,เป็นตุ่ม,((เป็น)?ตุ่ม(นูน|น้ำพอง|ขึ้น)?(บริเวณรูขุมขน)?|ผิว(หนัง)?(พุ)?พอง),,,,,,,,,,,,,8,,,,,,,,,,,,,,,,
HP0008209,HP0008209,ปรึกษาวัยทอง,((ขอ)?ปรึกษา|(ขอ)?คำแนะนำ|ศึกษา)(เกี่ยวกับ)?(เรื่อง)?(ปัญหา)?(ของคน)?วัยทอง,,,,,,,,,,,10,,,,,,,,,,,,,,,,,,
HP0008419,HP0008419,หมอนรองกระดูกเคลื่อน,(หมอนรองกระดูก(สันหลัง)?เคลื่อน|การเสื่อมของหมอนรองกระดูก(สันหลัง)?),,,,,,,8,,,,,,,,,,,,,,,,,,,,,,
HP0008519,HP0008519,ปวดก้นกบ,ปวด(บริเวณ|แถวๆ)?ก้น(กบ)?((ข้าง)?(ซ้าย|ขวา)|ทั้งสองข้าง)?,,,,,,,7,,,,,,,,,,,,,,,,,,,,,,
HP0009941,HP0009941,ปากเบี้ยว,ปาก((ข้าง)?(ซ้าย|ขวา)|ทั้งสองข้าง)?เบี้ยว,,yes,,,,,,,,,,,,,,,,,,,,,,,,,10,,
HP0010307,HP0010307,หายใจเสียงดัง,หายใจ((เสียง)?ดัง(หวี้ด)?|หวี้ด),,yes,,,,,,,,,,,,,,,,,,,,,,,,,10,,
HP0010606,HP0010606,ตากุ้งยิง,(ตากุ้งยิง|ตา((ข้าง)?(ซ้าย|ขวา)|ทั้งสองข้าง)?(เป็นตุ่ม|บวม)แดง|(มี|เกิด)?ตุ่ม(ขึ้น)?(ที่|บริเวณ|ตรง)เปลือกตา((ข้าง)?(ซ้าย|ขวา)|ทั้งสองข้าง)?),,,,,,,,,8,,,,,,,,,,,,,,,,,,,,
HP0010628,HP0010628,หน้าเบี้ยว,หน้า((ข้าง)?(ซ้าย|ขวา)|ทั้งสองข้าง)?เบี้ยว,,,,,,,,,,,,,,,,,,,,,,,,3,,,5,,
HP0010741,HP0010741,ขาบวม,((ต้น)?ขา|น่อง|หน้าแข้ง|ข้อพับขา)((ข้าง)?(ซ้าย|ขวา)|ทั้งสองข้าง)?บวม,,,,,,,,,,,,,,,7,,,,,,,,,,,,,,
HP0010798,HP0010798,สิว,สิว(อักเสบ|(อักเสบ)?เป็นหนอง|หัวช้าง|หัวเปิด|สิวเสี้ยน|สิวแดง)ที่(ผิว(หน้า)?|แก้ม|หน้า)((ข้าง)?(ซ้าย|ขวา)|ทั้งสองข้าง)?,,,,,,,,,,,,,6,,,,,,,,,,,,,,,,
HP0011079,HP0011079,ถอนฟัน,((ต้องการ|อยาก)(นัด)?|มีนัด)?(มา(ทำการ)?)?ถอนฟัน((กราม|หน้า)?ด้าน((บน|ล่าง)((ฝั่ง|ซีก)?(ซ้าย|ขวา))?|((ฝั่ง|ซีก)(ซ้าย|ขวา)(ด้าน|ส่วน)?(บน|ล่าง)?)))?,,,,,,,,,,,,,,,,,,,,,,,,,,,,10,
HP0011110,HP0011110,ทอนซิล,(ทอนซิล|ทอมซิน)อักเสบ(ขึ้นมา)?,,,,,,,,,,5,,,,,,,,,,,,,,,,,,,
HP0011123,HP0011123,ผิวหนังอักเสบ,((เป็น)?(โรค)?ผิว(หนัง)?(อักเสบ|แดง|ขึ้นผื่น|เป็น(หนอง|ฝี))|เป็นฝี),,,,,,,,,,,,,7,,,,,,,,,,,,,,,,
HP0011220,HP0011220,หัวปูด,(หัว|ศรีษะ)(ปูด|โน),,,,,,,,,,,,,,,,,,,,,,,,,,,,,
HP0011425,HP0011425,ตรวจทารกในครรภ์,(มา|มีนัด)?(ตรวจ)?อัลตราซาวด์((ทารก|ลูก|น้อง)(ใน(ครรภ์|ท้อง))?|ท้อง|ครรภ์),,,,,,,,,,,7,,,,,,,,,,,,,,,,,,
HP0011855,HP0011855,คอบวม,(คอ|คาง)(บวม|โต),,,,,,,,,,5,,,,,,,3,,,,,,,,,,,,
HP0011896,HP0011896,เลือดออกใต้เยื่อบุตา,(เส้นเลือด(ฝอย)?ในตา((ข้าง)?(ซ้าย|ขวา)|ทั้งสองข้าง)?แตก|เลือดออกใต้(เยื่อบุ)?ตา((ข้าง)?(ซ้าย|ขวา)|ทั้งสองข้าง)?),,,,,,,,,10,,,,,,,,,,,,,,,,,,,,
HP0012115,HP0012115,ตับอักเสบ,ตับอักเสบ,,,,,,,,,,,,,,,,,,,,,,,,,7,,,,
HP0012276,HP0012276,นิ้วล็อค,นิ้ว(มือ)?((ข้าง)?(ซ้าย|ขวา)|ทั้งสองข้าง)?(ล็อค|ติด),,,,,,,8,,,,,,,,3,,,,,,,,,,,,,,
HP0012378,HP0012378,อ่อนเพลีย,(อ่อน(เพลีย|แรง)|หมดแรง),,,,,,,,,,,,,,,6,,,,,,,,,,,,,,
HP0012393,HP0012393,ภูมิแพ้,(มีอาการ|เป็น)?(ภูมิ)?แพ้(กุ้ง|เกสร(ดอกไม้)?|ถั่ว),,,,,,,,,,,,,,,,,,,,,8,,,,,,,,
HP0012724,HP0012724,ตาบวม,(ลูกกะ|หนัง)?ตา((ข้าง)?(ซ้าย|ขวา)|ทั้งสองข้าง)?บวม,,,,,,,,,10,,,,,,,,,,,,,,,,,,,,
HP0012735,HP0012735,ไอ,ไอ(แห้ง(ๆ|แห้ง)?|(แล้ว)?เจ็บคอ|ระคายคอ|มีเสมหะ(สี(เขียว|เหลือง|ขุ่น))),,,,,,,,,,5,,,,,,,,,,,,,,,,,,,
HP0012764,HP0012764,ไม่สามารถนอนราบได้,(ไม่สามารถ(จะ)?นอนราบ(ลงไป)?ได้|นอนราบ(ลงไป)?ไม่ได้(เลย)?),,,,,,,,,,,,5,,,,,,,,,,,,,,,,,
HP0020139,HP0020139,แมลงสัตว์กัดต่อย,(แมลง(สัตว์)?|แตน|ผึ้ง|ต่อ)(กัด)?ต่อย,,,,,,,,,,,,,,,,,,,,,,,,,,,10,,
HP0025095,HP0025095,จาม,จาม(ตลอดเวลา|บ่อย|ถี่(ๆ)?)?,,,,,,,,,,,,,,,,,,,,,6,,,,,,,,
HP0025143,HP0025143,หนาวสั่น,หนาว(สั่น)((มาก)?ตลอดเวลา|บ่อย|เป็นถี่(ๆ)?)?,,,,,,,,,,,,,,,,,,,,,,6,,,,,,,
HP0025205,HP0025205,ปรึกษาการให้นมบุตร,(ปรึกษา|ช่วง|ระหว่าง|กำลัง)?(การ)?ให้นม(บุตร|ลูก|น้อง)?,,,,,,,,,,,6,,,,,,,,,,,,,,,,,,
HP0025219,HP0025219,ฉีดวัคซีน,(มา)?(ฉีด|รับ|ปรึกษา(การ)?(รับ)?)(วัคซีน|ยา)(ตามนัด)?,,,,,,,,,,,,,,,10,,,,,,,,,,,,,,
HP0025267,HP0025267,นอนกรน,((นอน)?((มี)?เสียง)?กรน|(กรน|หายใจ(มีเสียง)?ครืด(คราด)?)((ใน)?เวลา|ตอน)นอน),,,,,,,,,,10,,,,,,,,,,,,,,5,,,,,
HP0025272,HP0025272,ฝ้า,(เป็น|มี|เกิด)?ฝ้า((ขี้นมา)?ที่(ผิว(หน้า)?|แก้ม|หน้า)((ข้าง)?(ซ้าย|ขวา)|ทั้งสองข้าง)?),,,,,,,,,,,,,6,,,,,,,,,,,,,,,,
HP0025273,HP0025273,เอ็นร้อยหวายอักเสบ,((เอ็น)?(ร้อย|100)หวายอักเสบ|(เจ็บ|ปวด)เอ็น(ร้อย|100)หวาย),,,,,,,8,,,,,,,,,,,,,,,,,,,,,,
HP0025300,HP0025300,ผื่นคัน,(((ตาม|ที่)(ผิวหนัง|ตัว))?(เป็น|มี)?ผื่น((แสบ)?คัน)|ตุ่ม|มีจุดแดง(ๆ)?((แสบ)?คัน)?((ตาม|ที่)(ผิวหนัง|ตัว))?),,,,,,,,,,,,,8,,,,,,,,,,,,,,,,
HP0025351,HP0025351,เกลื้อน,(เป็น)?(เกลื้อน|ผื่นดวงขาว)(ที่ผิวหนัง)?,,,,,,,,,,,,,6,,,,,,,,,,,,,,,,
HP0030079,HP0030079,ตรวจมะเร็งปากมดลูก,(ต้องการ|อยาก(มา)?|(มี)?(นัด)?มา)?ตรวจ(มะเร็ง)?ปากมดลูก,,,,,,,,,,,7,,,,,,,,,,,,,,,,,,
HP0030157,HP0030157,ปวดเอว,ปวด(ที่|ตรง|บริเวณ|แถวๆ)?(บั้น)เอว,,,,,,,7,,,,,,,,,,,,,,,,,,,,,,
HP0030766,HP0030766,ปวดหู,(ปวด(บริเวณ|แก้ว)?หู((ข้าง)?(ซ้าย|ขวา)|ทั้งสองข้าง)?|หู((ข้าง)?(ซ้าย|ขวา)|ทั้งสองข้าง)?ปวด|[ ]?[Ee]arache[ ]?),,,,,,,,,,10,,,,,,,,,,,,,,,,,,,
HP0030811,HP0030811,เจ็บลิ้น,((เจ็บ|(มี)?แผลที่)ลิ้น|ลิ้น(เจ็บ|(เป็น|มี)แผล)),,,,,,,,,,10,,,,,,,,,,,,,,,,,,,
HP0030833,HP0030833,ปวดบริเวณคอ,(ปวด(ที่)?(บริเวณ)?คอ|คอปวด|ตกหมอน)(?!จาก|แล้ว|ก่อน),,,,,,,7,,,,,,,,,,,,,,,,,,,,,,
HP0030857,HP0030857,ปวดเมื่อยตา,ปวด(เมื่อย|เปลือก)?ตา((ข้าง)?(ซ้าย|ขวา)|ทั้งสองข้าง)?,,,,,,,,,8,,,,,,,,,,,,,,,,,,,,
HP0030858,HP0030858,ติดยา,((เคย)?(ติด|ใช้|เสพ|มีปัญหากับ))(ยา(เสพติด)?|สารเสพติด),,,,,,,,,,,,,,,,,,,,,,,,,,6,,,
HP0031244,HP0031244,ปากบวม,(ริมฝี)?ปาก(บน|ล่าง)?บวม|บวม(ตรง(ที่)?(ริมฝี)?ปาก(บน|ล่าง)?),,,,,,,,,,5,,,,,,,,,,,,,,,,,,,
HP0031352,HP0031352,เจ็บหน้าอก,เจ็บ(ตรง(ที่)?|(ที่)?บริเวณ|ที่|ข้างใน)?(หน้า)?อก((ข้าง)?(ซ้าย|ขวา)|ทั้งสองข้าง)?,,,,,,,,,,,,4,,,,3,,,,,,,,,,,7,,
HP0031417,HP0031417,มีน้ำมูก,((เป็น)?หวัด(มีน้ำมูก(ไหล)?(ออก)?(จาก|ที่)จมูก((ข้าง)?(ซ้าย|ขวา)|ทั้งสองข้าง)?)?|(จาก|ที่)จมูก((ข้าง)?(ซ้าย|ขวา)|ทั้งสองข้าง)?มีน้ำมูก(ไหล)?(ออก)?(มา)?),,,,,,,,,,5,,,,,,,,,,,,,,,,,,,
HP0031590,HP0031590,ตาล้า,ตา((ข้าง)?(ซ้าย|ขวา)|ทั้งสองข้าง)?(ล้า|ร้า),,,,,,,,,10,,,,,,,,,,,,,,,,,,,,
HP0031830,HP0031830,ต้อลม,((เป็น)?ต้อลม|เคืองตา((ข้าง)?(ซ้าย|ขวา)|ทั้งสองข้าง)?บ่อย(ๆ)?|ปวด(ๆ)?(ที่(ดวง)?)ตา((ข้าง)?(ซ้าย|ขวา)|ทั้งสองข้าง)?|แสบๆ(ที่(ดวง)?)?ตา((ข้าง)?(ซ้าย|ขวา)|ทั้งสองข้าง)?),,,,,,,,,10,,,,,,,,,,,,,,,,,,,,
HP0032016,HP0032016,เสมหะ,(ไอ)?มี((ก้อน)?(เสมหะ|เสลด)(สี)?(ขาว|เหลือง|ใส|ขุ่น)),,,,,,,,,,,,,,,8,,,,,,,,,,,,,,
HP0032178,HP0032178,ผิวเป็นขุย,ผิว(หนัง)?((ตาม|ที่)(ร่างกาย|หน้า|ตัว|(ข้อ|นิ้ว(มือ|เท้า)?|แขน)((ข้าง)?(ซ้าย|ขวา)|ทั้งสองข้าง)?))?(เป็นขุย|แห้ง),,,,,,,,,,,,,6,,,,,,,,,,,,,,,,
HP0032275,HP0032275,งูสวัด,(งูสวัด|มีจุดแดง(คัน)?(ขึ้น)?ตามตัว),,,,,,,,,,,,,6,,,,,,,,,,,,,,,,
HP0032408,HP0032408,คลำเจอก้อนที่เต้านม,((คลำ)?เจอ)?(เนื้องอก|ซีสต์|ก้อน|ถุุงน้ำ)(ที่)((เต้า)?นม|หน้าอก|ไต้รักแร้)((ข้าง)?(ซ้าย|ขวา)|ทั้งสองข้าง)?,,,,,8,,,,,,,,,,,,,,,,,,,,,,,,
HP0032551,HP0032551,ติ่งรอบทวาร,((มี)?(ติ่ง|ก้อน)(รอบ|ยื่นออกมา(จาก|ตรง)|ที่)ทวาร|ริดสีดวง),,,8,,,,,,,,,,,,,,,,,,,,,,,,,,
HP0032674,HP0032674,มีบาดแผลตามร่างกาย,((มี)?(บาด)?แผล(พุพอง|ฉีก|ฟกช้ำ)?(ตาม(ร่างกาย|ตัว|ที่(ข้อ|นิ้ว(มือ)?|มือ)((ข้าง)?(ซ้าย|ขวา)|ทั้งสองข้าง)?))?|((หัว)?เข่า|หัว|หน้า)กระแทก(พื้น)?|(มี)?แผล(ถลอก|ฉีก)?ที่(ข้อ|นิ้ว(มือ)?|มือ)|(มีด|ปูน|เหล็ก(สังกะสี)?|สังกะสี)บาด|น้ำร้อนลวก|(หัว|(หัว)?คิ้ว|ปาก)แตก|เหยียบเศษแก้ว|เล็บ(((ข้าง)?(ซ้าย|ขวา)|ทั้งสองข้าง)?หลุด|หลุด((ข้าง)?(ซ้าย|ขวา)|ทั้งสองข้าง)?)),(อวัยวะเพศ|นม|หน้าอก),,,,,,,,,,,,,,,,,,,,,,,,,,7,,
HP0033050,HP0033050,เจ็บคอ,((เจ็บ|ระคาย|คัน|แสบ)(ที่)?คอ|คอ(เจ็บ|คัน|แสบ)),ไอ,,,,,,,,,,,,,,,,,,,,,,,,,,,,100
HP0033333,HP0033333,ขากรรไกรค้าง,(ขากรรไกร|กราม|ปาก)((ข้าง)?(ซ้าย|ขวา)|ทั้งสองข้าง)?ค้าง,,,,,,,,,,5,,,,,,,,,,,,,,,,,,,
HP0040189,HP0040189,ผิวเป็นสะเก็ด,(ผิว(เป็นสะเก็ด|ลอก)|(ผลัด|ปรับ)ผิว),,,,,,,,,,,,,6,,,,,,,,,,,,,,,,
HP0040264,HP0040264,เจ็บบริเวณกราม,(เจ็บ|ปวด)(บริเวณ)?กราม,,,,,,,,,,7,,,,,,,,,,,,,,,,,,,
HP0041051,HP0041051,ลิ้นไม่รับรส,(ลิ้นไม่(รับ(รู้)?|รู้)รส|ลิ้นรับรสไม่ได้|กินอาหารไม่รู้รสชาติ ),,,,,,,,,,,,,,,,,,,,,,,,,,,,,100
HP0100518,HP0100518,ปัสสาวะแสบขัด,(ปัสสาวะ|ฉี่|เยี่ยว)(แล้ว)?แสบ(ขัด)?,,,,7,,,,,,,5,,,,,,,,,,,,,,,,,,
HP0100607,HP0100607,ปวดประจำเดือน,ปวด((ท้อง)?(ตอนมี)?(ประจำเดือน|เมนส์|(รอบ|วันนั้นของ)เดือน)|ของผู้หญิง),,,,,,,,,,,10,,,,,,,,,,,,,,,,,,
HP0100785,HP0100785,เครียด,((((การ)?มี)?ความ)(สะสม)?เครียด(จน(ทำให้)?)?นอน(ไม่หลับ(สนิท)?|หลับไม่(สนิท|ลง))|นอน(ไม่หลับ(สนิท)?|หลับไม่(สนิท|ลง))จาก((การ(ที่)?มี)?ความ)?เครียด(สะสม)?),,,,,,,,,,,,,,,,,,,,,,,,,,6,,,
HP0100786,HP0100786,ง่วงนอนบ่อย,ง่วง(นอน)?(บ่อย|ง่าย)(เกินไป|เกิ๊น),,,,,,,,,,,,,,,,,6,,,,,,,,,,,,
HP0100812,HP0100812,มีกลิ่นปาก,(มีกลิ่นปาก|ปาก(มีกลี่น)?เหม็น),,,,,,,,,,,,,,,,,,,,,,,,,,,,10,
HP0100829,HP0100829,น้ำนมไหลผิดปกติ,(น้ำ)?นม((ข้าง)?(ซ้าย|ขวา)|ทั้งสองข้าง)?ไหลผิดปกติ,,,,,,,,,,,8,,,,,,,,,,,,,,,,,,
HP0200026,HP0200026,ปวดตา,((ปวด|เจ็บ)(ที่)?(กระบอก|รอบ(ๆ)?)?(ดวง)?ตา((ข้าง)?(ซ้าย|ขวา)|ทั้งสองข้าง)?|ตา((ข้าง)?(ซ้าย|ขวา)|ทั้งสองข้าง)?(มีอาการ)?ปวด),,,,,,,,,10,,,,,,,,,,,,,,,,,,,,
HP0200043,HP0200043,หูด,มีหูด(เนื้อ)?(ขึ้น(มา)?)?(ตามตัว),,,,,,,,,,,,,6,,,,,,,,,,,,,,,,
HP0410323,HP0410323,แพ้ยา,(แพ้ยา|((หน้า)?บวม|หายใจไม่ออก|คัน)หลัง(กิน|ทาน)ยา|(กิน|ทาน)ยาแล้ว((หน้า)?บวม|หายใจไม่ออก|คัน)),,,,,,,,,,,,,,,,,,,,,,,,,,,8,,
HP0410339,HP041033,สัตว์กัด/งูกัด,(โดน|ถูก)?(งู(เห่า|จงอาง|เขียว|อะไร(ก็ไม่รู้|ซักอย่าง))?(กัด|ฉก)|(สัตว์|สุนัข|หมา)(ที่เลี้ยงไว้(ในบ้าน)?|ข้างถนน|ที่ไหนก้ไม่รู้)?(รุม)?(กัด|ทำร้าย)|ตะขาบกัด|แมว(ที่เลี้ยงไว้(ในบ้าน)?|ข้างถนน|ที่ไหนก้ไม่รู้)?(กัด|ข่วน))(มา)?,,,,,,,,,,,,,,,,,,,,,,,,,,,10,,
HP0500005,HP0500005,ปวดก้น/เจ็บก้น,(ปวด|เจ็บ)(บริเวณ|ที่|(ที่)?ตรง)?(ก้น|ตูด)((ข้าง)?(ซ้าย|ขวา)|ทั้งสองข้าง)?,,,,,,,8,,,,,,,,,,,,,,,,,,,,,,
HP0500093,HP0500093,แพ้อาหาร,(แพ้(อาหาร|กุ้ง|ปลาหมึก|ปู|หอย|แป้ง|นม|ถั่วเหลือง|ไข่|ข้าวโพด|อาหาร)|[ ]?[Ff]ood [Aa]llergy[ ]?),,,,,,,,,,,,,,,,,,,,,,,,,,,8,,
d0000001,d0000001,เคืองตา,((ระคาย)?เคือง(ใน)?(ดวง)?ตา((ข้าง)?(ซ้าย|ขวา)|ทั้งสองข้าง)?|(ดวง)?ตา((ข้าง)?(ซ้าย|ขวา)|ทั้งสองข้าง)?(มีอาการ)?(ระคาย)?เคือง(มาก)?),,,,,,,,,10,,,,,,,,,,,,,,,,,,,,
d0000002,d0000002,คันตา,(คัน(ที่)?(ตรง)?ตา((ข้าง)?(ซ้าย|ขวา)|ทั้งสองข้าง)?(มาก)?|ตา((ข้าง)?(ซ้าย|ขวา)|ทั้งสองข้าง)?(มีอาการ)?คัน(มาก(ๆ)?)?),,,,,,,,,10,,,,,,,,,,,,,,,,,,,,
d0000003,HP0000952,ตาเหลือง,(ตา((ข้าง)?(ซ้าย|ขวา)|ทั้งสองข้าง)?(มี)?(สี)?เหลือง|(มี)?สีเหลือง(ใน|ขึ้นที่)ตา((ข้าง)?(ซ้าย|ขวา)|ทั้งสองข้าง)?),,,,,,,,,,,,,,,,,,,,,,,,,8,,,,
d0000004,d0000004,แผล/ก้อนในรูหู,((มี)?(แผล|ก้อน)((ข้าง)?ใน|ที่|บริเวณ|ตรง)(ใบ|รู)?หู((ข้าง)?(ซ้าย|ขวา)|ทั้งสองข้าง)?|((ข้าง)?ใน|ที่|บริเวณ|ตรง)(ใบ|รู)?หู((ข้าง)?(ซ้าย|ขวา)|ทั้งสองข้าง)?(มี)?(แผล|ก้อน)),,,,,,,,,,5,,,,,,,,,,,,,,,,,,,
d0000005,d0000005,เลือดในรูหู,((มี)?เลือด(ออก)?((ข้าง)?ใน|ที่|บริเวณ|ตรง)(ใบ|รู)?หู((ข้าง)?(ซ้าย|ขวา)|ทั้งสองข้าง)?|(ใบ|รู)?หู((ข้าง)?(ซ้าย|ขวา)|ทั้งสองข้าง)?มีเลือด(ออก)?),,,,,,,,,,5,,,,,,,,,,,,,,,,,,,
d0000006,d0000006,น้ำหนองไหลในรูหู,((มี)?((น้ำ)?หนองไหล)((ข้าง)?ใน|ที่|บริเวณ|ตรง)(ใบ|รู)?หู((ข้าง)?(ซ้าย|ขวา)|ทั้งสองข้าง)?|หู((ข้าง)?(ซ้าย|ขวา)|ทั้งสองข้าง)?มี((น้ำ)?หนองไหล)((ข้าง)?ใน)),,,,,,,,,,8,,,,,,,,,,,,,,,,,,,
d0000007,d0000007,แมลงเข้าหู,((มี)?แมลง(คลาน)?เข้า(ไป)?(ใน)?(รู)?หู((ข้าง)?(ซ้าย|ขวา)|ทั้งสองข้าง)?|หู((ข้าง)?(ซ้าย|ขวา)|ทั้งสองข้าง)?มีแมลง(คลาน)?เข้า(ไป)?),,,,,,,,,,8,,,,,,,,,,,,,,,,,,,
d0000008,d0000008,คันจมูก,(คัน(ที่(ตรง)?|ตรง(ที่)?)?จมูก|จมูก(เกิด)?(มีอาการ)?คัน(ขึ้นมา)?),,,,,,,,,,5,,,,,,,,,,,,,,,,,,,
d0000009,d0000009,ปวดบริเวณจมูก,ปวด(บริเวณ)?((ข้าง)?ใน)?จมูก,,,,,,,,,,5,,,,,,,,,,,,,,,,,,,
d0000010,d0000010,วัสดุแปลกปลอมในจมูก,((มี)?((วัสดุ|สิ่ง)แปลกปลอม|อะไรไม่รู้)อยู่((ข้าง)?ใน)?จมูก((ข้าง)?(ซ้าย|ขวา))?|((ข้าง)?ใน)?จมูก((ข้าง)?(ซ้าย|ขวา))?มี((วัสดุ|สิ่ง)แปลกปลอม|อะไรไม่รู้)(อยู่)?),,,,,,,,,,10,,,,,,,,,,,,,,,,,,,
d0000011,d0000011,มีฝ้าขาวที่ลิ้น,((มี)?ฝ้า(ขาว)?(ขึ้น(มา)?)?ที่(บริเวณ)?ลิ้น|ลิ้น(เป็น|เกิด|มี)ฝ้า((สี)?ขาว(ๆ)?)?),,,,,,,,,,5,,,,,,,,,,,,,,,,,,,
d0000012,d0000012,คลำเจอก้อนที่คอ,(คลำเจอ|มี)?ก้อน(ที่|บริเวณ)คอ,,,,,,,,,,5,,,,,,,,,,,,,,,,,,,
d0000013,d0000013,วัสดุแปลกปลอมในคอ,(มี)?((วัสดุ|สิ่ง)แปลกปลอม|อะไรไม่รู้)((อยู่)?(ข้าง)?ใน)คอ,,,,,,,,,,7,,,,,,,,,,,,,,,,,,,
d0000014,d0000014,ปวดท้องน้อย,ปวดท้องน้อย(ในผู้หญิง)?(วัยเจริญพันธุ์)?((บริเวณ|ด้าน|ข้าง)(ซ้าย|ขวา|ทั้งสองข้าง))?,,,,,,,,,,,10,,,,,,,,,,,,,,,,,,
d0000015,d0000015,ไส้ติ่งอักเสบ,((ปวด|เจ็บ)ท้องด้านขวา(มาก)?(ตลอดเวลา)?|ไส้ติ่ง(อักเสบ)?),,,7,,,,,,,,,,,,,,,,,,,,,,,,,,
d0000016,d0000016,ปวดอวัยวะเพศ,(ปวด|เจ็บ|บวมแดง)(ที่|ตรง)?อวัยวะเพศ,,,,8,,,,,,,7,,,,,,,,,,,,,,,,,,
d0000017,d0000017,มีเลือดออกจากปลายอวัยวะเพศ,(มี)?เลือดออก(ที่|ตรง|จาก|บริเวณ)?(ปลาย)?อวัยวะเพศ,,,,6,,,,,,,,,,,,,,,,,,,,,,,,,
d0000018,d0000018,ปลายอวัยวะเพศอักเสบ,(ปลาย)?อวัยวะเพศ(อักเสบ|บวมแดง),,,,7,,,,,,,,,,,,,,,,,,,,,,,,,
d0000019,d0000019,หนองไหลออกจากอวัยวะเพศ,(มี)?หนองไหล(ที่|ตรง|(ออก)?จาก|บริเวณ)?(ปลาย)?อวัยวะเพศ,,,,8,,,,,,,,,,,,,,,,,,,,,,,,,
d0000021,d0000021,เลือดออกจากช่องคลอด,((มี)?เลือด(ออก)?(ที่|ตรง|(จาก|ทาง)|บริเวณ)?ช่องคลอด|ช่องคลอด(มี)?เลือด(ออก)?),,,,,,,,,,,10,,,,,,,,,,,,,,,,,,
d0000022,d0000022,ชาตามส่วนต่างๆ,(มีอาการ)?(ชาตามส่วนต่างๆ|ชา(ตาม|บริเวณ|ที่)?(((ปลาย)?(แขน|ขา)((ข้าง)?(ซ้าย|ขวา)|ทั้งสองข้าง)?|(หน้า|ปาก|อวัยวะเพศ)))|(ตาม|บริเวณ|ที่)?(((ปลาย)?(แขน|ขา)((ข้าง)?(ซ้าย|ขวา)|ทั้งสองข้าง)?|(หน้า|ปาก|อวัยวะเพศ)))ชา),,,,,,,,,,,,,,,,,,,,,,,,6,,,,,
d0000025,d0000025,ก้อนที่หลังหู,(มี)?ก้อน(ที่|ตรง)?(บริเวณ)?หลัง(ใบ)?หู,,,,,,,,,,7,,,,,,,,,,,,,,,,,,,
d0000026,HP0033590,มีก้อนที่ขาหนีบ,(มี)ก้อน(อะไร(นูนๆ|ไม่รู้)?)?(ที่|(ที่)?บริเวณ|ตรง(ที่)?)ขาหนีบ,,,8,,,,,,,,,,,,,,,,,,,,,,,,,,
d0000028,d0000028,มาตรวจสุขภาพ,(มา|มีนัด(มา)?|สนใจ(มา|การ)?|(อยาก)?(ปรึกษา|ขอข้อมูล|รู้)(เกี่ยวกับ)?)?(ตรวจ(สุขภาพ)?|เช็คอัพ|[ ]?check up[ ]?)(ประจำปี(ของ)?(บริษัท)?|ก่อนไปต่างประเทศ),,,,,,,,10,,,,,,,,,,,,,,,,,,,,,
d0000029,d0000029,ผ่าตัด/ส่องกล้อง,(มา|มีนัด)?(ผ่าตัด|ส่องกล้อง),,,8,,,,,,,,,,,,,,,,,,,,,,,,,,
d0000030,d0000030,รับบุตรบุญธรรม,(พิจารณา)?รับ(บุตร|ลูก)(ชาย|สาว)?บุญธรรม,,,,,,,,,,,,,,,,,,,,,,,,,,6,,,
d0000031,d0000031,พินัยกรรม,((ต้องการ)?ทำ)?พินัยกรรม,,,,,,,,,,,,,,,,,,,,,,,,,,6,,,
d0000034,d0000034,เจ็บเต้านม,(มีอาการ)?เจ็บ(ตรง|ที่)?(บริเวณ)?((เต้า|หัว)นม|หน้าอก)((ข้าง)?(ซ้าย|ขวา)|ทั้งสองข้าง)?,,,,,8,,,,,,,,,,,,,,,,,,,,,,,,
d0000035,d0000035,ผังผืดที่เต้านม,(มี)?ผังผืด(ตรง|ที่)?(บริเวณ)?((เต้า)?นม|หน้าอก)((ข้าง)?(ซ้าย|ขวา)|ทั้งสองข้าง)?,,,,,8,,,,,,,,,,,,,,,,,,,,,,,,
d0000036,d0000036,มีน้ำออกจากหัวนม,((มี)?น้ำ(ไหล)?(ออก)?(จาก|ที่|บริเวณ)หัวนม|หัวนมมีน้ำ(ไหล)?(ออกมา)?),,,,,8,,,,,,,,,,,,,,,,,,,,,,,,
d0000037,d0000037,คัดตึงที่เต้านม,((คัด)?ตึง(ที่)?(บริเวณ)?((เต้า)?นม|หน้าอก)((ข้าง)?(ซ้าย|ขวา)|ทั้งสองข้าง)?|((เต้า)?นม|หน้าอก)((ข้าง)?(ซ้าย|ขวา)|ทั้งสองข้าง)?(คัด)?ตึง),,,,,10,,,,,,,,,,,,,,,,,,,,,,,,
d0000038,d0000038,เสียดชายโครง,(มีอาการ)?(จุก)?เสียด(ที่(บริเวณ)?)?ชายโครง,,,,,,,,,,,,,,,,,,,,,,,,,,,,,
d0000039,d0000039,หัวนมบุ๋ม,หัวนม((ข้าง)?(ซ้าย|ขวา)|ทั้งสองข้าง)?((ยุบ)?บุ๋ม|ยุบ),,,,,8,,,,,,,,,,,,,,,,,,,,,,,,
d0000040,HP0030901,เต้านมผื่นแดง,((มี)?ผื่นแดง(ขึ้น(ที่)?)?(บริเวณ|ตรง)?((เต้า)?นม|หน้าอก)((ข้าง)?(ซ้าย|ขวา)|ทั้งสองข้าง)?|((เต้า)?นม|หน้าอก)((ข้าง)?(ซ้าย|ขวา)|ทั้งสองข้าง)?(มี)?ผื่นแดง(ขึ้น)?),,,,,8,,,,,,,,,,,,,,,,,,,,,,,,
d0000041,d0000041,มีเลือดออกจากหัวนม,((มี)?เลือด(ออก)?(ที่|ตรง|(จาก|ทาง)|บริเวณ)?หัวนม((ข้าง)?(ซ้าย|ขวา)|ทั้งสองข้าง)?|หัวนม((ข้าง)?(ซ้าย|ขวา)|ทั้งสองข้าง)?(มี)?เลือด(ออก)?),,,,,8,,,,,,,,,,,,,,,,,,,,,,,,
d0000042,d0000042,แผลบริเวณเต้านม,((มี)?แผล(ที่)?(ตรง)?(บริเวณ)?((หัว|เต้า)?นม|หน้าอก)((ข้าง)?(ซ้าย|ขวา)|ทั้งสองข้าง)?|((หัว|เต้า)?นม|หน้าอก)((ข้าง)?(ซ้าย|ขวา)|ทั้งสองข้าง)?(มี|เป็น)?แผล),,,,,8,,,,,,,,,,,,,,,,,,,,,,,,
d0000043,d0000043,รูปร่างเต้านมเปลี่ยนไป,((ขนาด(หรือรูปร่าง)?|รูปร่าง)(ของ)((เต้า)?นม|หน้าอก)((ข้าง)?(ซ้าย|ขวา)|ทั้งสองข้าง)?เปลี่ยน(ไป)?|((เต้า)?นม|หน้าอก)((ข้าง)?(ซ้าย|ขวา)|ทั้งสองข้าง)?เปลี่ยน(ขนาด(หรือรูปร่าง)?|รูปร่าง)),,,,,8,,,,,,,,,,,,,,,,,,,,,,,,
d0000044,d0000044,ศัลยกรรมหน้าอก,(ต้องการ|อยาก(มา)?|(มี)?(นัด)?มา)?(ทำ|เสริม|ศัลยกรรม(ทำ|เสริม)?)(หน้าอก|นม|อึ๋ม),,,,,4,,,,,,,,,7,,,,,,,,,,,,,,,
d0000045,d0000045,เต้านมอักเสบ,((เต้า)?นม|หน้าอก)((ข้าง)?(ซ้าย|ขวา)|ทั้งสองข้าง)?อักเสบ,,,,,,,,,,,7,,,,,,,,,,,,,,,,,,
d0000046,d0000046,หัวนมแตก/แผล,หัวนม((ข้าง)?(ซ้าย|ขวา)|ทั้งสองข้าง)?(แตก|เป็นแผล),,,,,5,,,,,,10,,,,,,,,,,,,,,,,,,
d0000048,d0000048,ตกขาว,(ตกขาว|(มี)?เมือก(เหลว)?(ไหล)?(ออกจาก|ใน)?ช่องคลอด),,,,,,,,,,,10,,,,,,,,,,,,,,,,,,
d0000049,HP0030161,คันในช่องคลอด,คัน(ใน|ที่|ตรง)?(บริเวณ)?ช่องคลอด,,,,,,,,,,,10,,,,,,,,,,,,,,,,,,
d0000050,HP0410022,อวัยวะเพศมีกลิ่น,(ตรง|ที่)?อวัยวะเพศมีกลิ่น(แรง|ตุๆ|แปลกๆ),,,,,,,,,,,7,,,,,,,,,,,,,,,,,,10
d0000051,d0000051,ประจำเดือนสีคล้ำ,(ประจำเดือน|เมนส์)(มี)?สี(คล้ำ|เข้ม|ดำ|ข้น|ส้ม),,,,,,,,,,,7,,,,,,,,,,,,,,,,,,
d0000052,d0000052,แผลที่อวัยวะเพศ,((มี)?แผล(ที่)?(ตรง)?(บริเวณ)?อวัยวะเพศ|อวัยวะเพศ(มี|เป็น)?แผล),,,,6,,,,,,,7,,,,,,,,,,,,,,,,,,
d0000053,d0000053,วัสดุแปลกปลอมในอวัยวะเพศ,(มี)?((วัสดุ|สิ่ง)แปลกปลอม|อะไรไม่รู้)((อยู่)?(ข้าง)?ใน)อวัยวะเพศ,,,,,,,,,,,7,,,,,,,,,,,,,,,,,,
d0000054,d0000054,ตั้งครรภ์/สงสัยตั้งครรภ์,(สงสัย|ตรวจ(สอบ)?(ให้แน่ใจ(ว่า)?)?|(อยาก|มา)?(ตรวจ)?ยืนยัน(ให้แน่ใจ(ว่า)?)?)?((ว่า|น่า|อาจ)?จะ)?(กำลัง)(ตั้งครรภ์|(ตั้ง)?ท้อง|มีน้อง),,,,,,,,,,,10,,,,,,,,,,,,,,,,,,
d0000056,d0000056,คุมกำเนิด,(ต้องการ|อยาก(มา)?|(มี)?(นัด)?มา)?(คุมกำเนิด|ทำหมัน)(ชาย|หญิง),,,,,,,,,,,7,,,,,,,,,,,,,,,,,,
d0000058,d0000058,ติดตามหลังการคลอดบุตร,ติดตาม(อาการ|ผล)?หลังการคลอด(บุตร)?,,,,,,,,,,,7,,,,,,,,,,,,,,,,,,
d0000059,d0000059,คันหนังศีรษะ,คัน(ที่)?(บริเวณ)?(หนัง)?(ศีรษะ|หัว),,,,,,,,,,,,,6,,,,,,,,,,,,,,,,
d0000060,d0000060,ตาปลา,((มี|เกิด|เป็น)?ตาปลา(ที่ขา((ข้าง|ด้าน)?(ซ้าย|ขวา)|ทั้งสองข้าง)?)?|ที่ขา((ข้าง|ด้าน)?(ซ้าย|ขวา)|ทั้งสองข้าง)?(มี|เกิด|เป็น)ตาปลา),,,,,,,,,,,,,6,,,,,,,,,,,,,,,,
d0000061,d0000061,ทำทรีตเมนท์หน้า,(ต้องการ|อยาก(มา)?|(มี)?(นัด)?มา)?ทำทรีตเมนท์(เนอร์)?(ที่)?(ใบ)?หน้า,,,,,,,,,,,,,6,,,,,,,,,,,,,,,,
d0000062,d0000062,เป็นวงแดงที่ผิว,(เป็น|มี)วงแดง(ขึ้น)?ที่(ผิว|แขน(ซ้าย|ขวา|ทั้งสองข้าง)?),,,,,,,,,,,,,6,,,,,,,,,,,,,,,,
d0000063,d0000063,ตรวจเลือด,(ต้องการ|อยาก(มา)?|(มี)?(นัด)?มา)?(มา)?ตรวจ(เลือด|โลหิต),,,,,,,,10,,,,,,,,,,,,,,,,,,,,,
d0000064,d0000064,ศัลยกรรมใบหน้า,(ต้องการ|อยาก(มา)?|(มี)?(นัด)?มา)?(ปรึกษา)?(การ)?(ทำ|ศัลยกรรม)(ใบหน้า|จมูก|คิ้ว|(ริมฝี)?ปาก|คาง|ตา(สองชั้น)?|(เหลา|ตัด)กราม|ลักยิ้ม|ร้อยไหม|แก้หูกาง|หน้าผาก),,,,,,,,,,,,,,7,,,,,,,,,,,,,,,
d0000065,d0000065,ฉีดโบท็อก,(ต้องการ|อยาก(มา)?|(มี)?(นัด)?มา)?(ปรึกษา)?(การ)?ฉีด(โบท็อก|[Bb]otox),,,,,,,,,,,,,7,,,,,,,,,,,,,,,,
d0000067,d0000067,ศัลยกรรมหน้าท้อง,(ต้องการ|อยาก(มา)?|(มี)?(นัด)?มา)?(ปรึกษา)?(การทำ)?ศัลยกรรมหน้าท้อง|แก้(ปัญหา)?ท้องลาย,,,,,,,,,,,,,,7,,,,,,,,,,,,,,,
d0000068,d0000068,ดูดไขมัน,(ต้องการ|อยาก(มา)?|(มี)?(นัด)?มา)?(ปรึกษา)?(การ)?ดูดไขมัน(ที่)?(หน้าท้อง),,,,,,,,,,,,,,7,,,,,,,,,,,,,,,
d0000069,d0000069,ศัลยกรรมด้วยเลเซอร์,(ต้องการ|อยาก(มา)?|(มี)?(นัด)?มา)?(ปรึกษา)?(การ|ทำ)?(ศัลยกรรมด้วย)?(ด้วย|โดยใช้)?เลเซอร์,,,,,,,,,,,,,,7,,,,,,,,,,,,,,,
d0000070,d0000070,ตัดไหมศัลยกรรม,(มี)?(นัด)?(หมอมา)?(เพื่อ)?ตัดไหม(ศัลยกรรม)?,,,,,,,,,,,,,,4,,,,,,,,,,,,,,,
d0000071,d0000071,แมลงกัดบนใบหน้า,(แมลงกัด(บน(ใบ)?|ที่)?หน้า|(ใบ)?หน้า(โดน|ถูก)แมลงกัด(มา)?),,,,,,,,,,,,,,,,,,,,,,,,,,,10,,
d0000073,d0000073,ขอใบรับรองแพทย์,(ต้องการ|อยาก(มา))?ขอใบรับรองแพทย์((เพื่อ)?(ไป)?((ทำ|ต่อ)ใบขับขี่|ทำ work permit))?,,,,,,,,,,,,,,,,,,,,,,,,,,,,,10
d0000074,d0000074,ดีท็อก,(ต้องการ|อยาก(มา)?|(มี)?(นัด)?มา)?(ปรึกษา)?(การ(ทำ)?|ทำ)?ดีท็อก,,,,,,,,,,,,,,,,,,,,,,,,,7,,,,10
d0000075,d0000075,หัวกระแทก,((หกล้ม)?(หัว|ศีรษะ)(ฟาด|กระแทก|ชน)(พื้น|กำแพง|เสา)|โดน(ฟาด|กระแทก|(ทุบ)?ตี|(ตี)?ทุบ)(เข้าที่)?(ตรง)?(หัว|ศีรษะ)),,,,,,6,,,,,,,,,,,,,,,,,,,,,10,,
d0000076,HP0007430,ตัวบวม,(อยู่ๆ|อยู่ดีๆ)?(ก็(มี)?)?(อาการ)?ตัวบวม(ขึ้น)?,,,,,,,,,,,,,,,,,6,,,,,,,,,,,,
d0000077,d0000077,ปรึกษาเรื่องปอด,(ต้องการ|อยาก(มา)?|(มี)?(นัด)?มา)?(ปรึกษา)?เรื่องปอด,,,,,,,,,,,,,,,,7,,,,,,,,,,,,,
d0000079,d0000079,หกล้ม/หกล้ม,((หก|ลื่น)?ล้ม(หงาย(ท้อง)?|คว่ำ|ก้นกระแทก)|(เดิน|กลิ้ง)ตก(บันได|ท่อ|สะพาน)),,,4,,,4,5,,,,,,,,,,,,,,,,,,,,7,5,
d0000081,d0000081,ไอเรื้อรัง,(มีอาการ)?ไอ(เรื้อรัง(ไม่หยุด)?|ไม่หยุด|ตลอด(เวลา)?)(เป็น)?(มา(นาน|สักพัก(ใหญ่ๆ)?(แล้ว)?))?,,,,,,,,,,,,,,,,7,,,,,,,,,,,,,
d0000082,d0000082,ขูดหินปูน,(ต้องการ|อยาก|(มี)?(นัด)?มา)?(มา(ทำการ)?)?ขูดหินปูน,,,,,,,,,,,,,,,,,,,,,,,,,,,,10,
d0000083,d0000083,ฟอกฟัน,(ต้องการ|อยาก|(มี)?(นัด)?มา)?(มา(ทำการ)?)?(ฟอก(สี)?ฟัน|ทำฟันขาว),,,,,,,,,,,,,,,,,,,,,,,,,,,,10,
d0000084,d0000084,อุดฟัน,(ต้องการ|อยาก|(มี)?(นัด)?มา)?(มา(ทำการ)?)?อุดฟัน((กราม|หน้า)?ด้าน((บน|ล่าง)((ฝั่ง|ซีก)?(ซ้าย|ขวา))?|((ฝั่ง|ซีก)(ซ้าย|ขวา)(ด้าน|ส่วน)?(บน|ล่าง)?)))?,,,,,,,,,,,,,,,,,,,,,,,,,,,,10,
d0000085,d0000085,ดัดฟัน,(ต้องการ|อยาก)?(มี|มา)?(นัด)?(เพื่อ)?(ทำการ)?(ดัด|จัด)ฟัน((กราม|หน้า)?ด้าน((บน|ล่าง)((ฝั่ง|ซีก)?(ซ้าย|ขวา))?|((ฝั่ง|ซีก)(ซ้าย|ขวา)(ด้าน|ส่วน)?(บน|ล่าง)?)))?,(ทิ่ม|แทง),,,,,,,,,,,,,,,,,,,,,,,,,,,10,
d0000086,d0000086,เสียวฟัน,(เสียวฟัน((กราม|หน้า)?ด้าน((บน|ล่าง)((ฝั่ง|ซีก)?(ซ้าย|ขวา))?|((ฝั่ง|ซีก)(ซ้าย|ขวา)(ด้าน|ส่วน)?(บน|ล่าง)?)))?|ฟัน((กราม|หน้า)?ด้าน((บน|ล่าง)((ฝั่ง|ซีก)?(ซ้าย|ขวา))?|((ฝั่ง|ซีก)(ซ้าย|ขวา)(ด้าน|ส่วน)?(บน|ล่าง)?)))?มีอาการเสียวฟัน),,,,,,,,,,,,,,,,,,,,,,,,,,,,10,
d0000087,d0000087,เคลือบฟลูออไรด์,(ต้องการ|อยาก|(มี)?(นัด)?มา)?(มา(ทำการ)?)?เคลือบ((ฟัน)?(ด้วย)?ฟลูออไรด์|ฟลูออไรด์ที่ฟัน),,,,,,,,,,,,,,,,,,,,,,,,,,,,10,
d0000088,d0000088,ฟันปลอม,((ต้องการ|อยาก)(นัด)?|มีนัด)?(มา(ทำการ)?)?(ตรวจ|ทำ)ฟัน(ปลอม|เทียม)(ด้าน((บน|ล่าง)((ฝั่ง|ซีก)?(ซ้าย|ขวา))))?,,,,,,,,,,,,,,,,,,,,,,,,,,,,10,
d0000089,d0000089,ฟันหัก,ฟัน((กราม|หน้า)?ด้าน((บน|ล่าง)((ฝั่ง|ซีก)?(ซ้าย|ขวา))?|((ฝั่ง|ซีก)(ซ้าย|ขวา)(ด้าน|ส่วน)?(บน|ล่าง)?)))?(หัก|ร้าว),,,,,,,,,,,,,,,,,,,,,,,,,,,,10,
d0000091,d0000091,ข้อเข่าฝืด,(ข้อ)?เข่า(ฝืด|เสื่อม|ขัด),,,,,,,8,,,,,,,,,,,,,,,,,,,,,,
d0000092,d0000092,กระดูกข้อต่อดัง,(ตรง|ที่)?กระดูก(ข้อต่อ)?ดัง(ก๊อบ(แก๊บ)?|ลั่น|ก๊อกๆ)?,,,,,,,8,,,,,,,,,,,,,,,,,,,,,,
d0000093,d0000093,ตาแฉะ,ตา((ข้าง)?(ซ้าย|ขวา)|ทั้งสองข้าง)?((เปียก)?แฉะ|ฉ่ำ|เปียก),,,,,,,,,10,,,,,,,,,,,,,,,,,,,,
d0000094,d0000094,เห็นภาพสีซีดลง,((มอง)?เห็น|มอง)?ภาพ(เป็น)?สี(ซีด(เหลือง)?|เหลือง|(จีด)?จาง),,,,,,,,,10,,,,,,,,,,,,,,,,,,,,
d0000096,d0000096,ขี้้ตาเขียว,(มี)?ขี้ตา(สี)?เขียว,,,,,,,,,10,,,,,,,,,,,,,,,,,,,,
d0000097,d0000097,ขี้ตาเหนียว,(มี)?ขี้ตาเหนียว,,,,,,,,,10,,,,,,,,,,,,,,,,,,,,
d0000098,d0000098,ท้องบวมโต,ท้อง(บวม(โต|ป่อง)?|ป่อง),,,,,,,,,,,,,,,,,,,,,,,,,6,,,,
d0000099,d0000099,ข้อเท้าพลิก/แพลง,(ข้อเท้า(พลิก|แพลง)|(ปวด(บวม)?|เจ็บ)(ตรง|ที่)ข้อเท้า),,,,,,,10,,,,,,,,,,,,,,,,,,,,,,
d0000100,HP0002069,ชัก,(ชัก(พร้อม(ๆ)?(กับ)?(มี)?(อาการ)?)?กระตุก|(มี)?(อาการ)?กระตุก(ตอน(ที่)?)?ชัก),,,,,,,,,,,,,,,,,,,,,,,,5,,,,,
d0000101,d0000101,ปลายเท้าเขียวคล้ำ,(ปลาย)?(นิ้ว)?เท้า((เขียว)?คล้ำ|เขียว),,,,,,,,,,,,7,,,,,,,,,,,,,,,,,
d0000102,d0000102,ริมฝีปากเขียวคล้ำ,(ริมฝี)?ปาก(บน|ล่าง)?((เขียว)?คล้ำ|เขียว),,,,,,,,,,,,7,,,,,,,,,,,,,,,,,
d0000103,d0000103,แน่นที่คอ,((จุก)?แน่น|จุก)(ที่)?คอ,,,,,,,,,,7,,,,,,,,,,,,,,,,,,,
d0000105,HP0003388,เหนื่อยง่าย,((มีอาการ)?เหนื่อย(ง่าย|บ่อย)(มาก)?|ไม่(ค่อย)?มีแรง(ทำ(งาน|ทำอะไร))?|ทำอะไร(นิดหน่อย|หน่อยหนึ่ง)ก็เหนื่อย(แล้ว)?),,,,,,,,,,,,,,,,,6,,,,,,,,,,,,100
d0000106,HP0030310,นิ้วซ้น,(ข้อ)?นิ้ว(มือ)?((ข้าง|ด้าน)?(ซ้าย|ขวา)|ทั้งสองข้าง)?ซ้น,,,,,,,7,,,,,,,,,,,,,,,,,,,,,,
d0000107,HP0032157,เริมที่อวัยวะเพศ,((มี)?เริม(ที่|ตรง|บริเวณ|แถวๆ)อวัยวะเพศ|เป็นเริม((ที่|ตรง|บริเวณ|แถวๆ)อวัยวะเพศ)?),,,,6,,,,,,,,,,,,,,,,,,,,,,,,,
d0000108,HP0001903,ซีด,(ตัว(ซีด(ลาย)?|ลาย)|(((มี)?อาการ)?(ของ)?|เป็น)(โรค)?โลหิตจาง),,yes,,,,,,,,,,,,,,,,,,8,,,,,,,10,,
d0000109,d0000109,ก้างปลาติดคอ,(มี)?ก้าง(ปลา)?(ติด|ค้าง|ปัก|แทง)(อยู่)?(ใน)?(ลำ)?คอ,,,,,,,,,,10,,,,,,,,,,,,,,,,,,,
d0000110,d0000110,ลิ้นชา,(ลิ้น(ชา|ไม่รู้สึก(อะไร)?(เลย)?)|ชา(ที่)ลิ้น),,,,,,,,,,10,,,,,,,,,,,,,,,,,,,
d0000111,d0000111,ใบหูบวม,(ใบ)?หู((ข้าง)?(ซ้าย|ขวา)|ทั้งสองข้าง)?บวม,,,,,,,,,,10,,,,,,,,,,,,,,,,,,,
d0000112,d0000112,ก้อนใต้คาง,(มี)?ก้อน(อยู่)?(ที่|ตรง|บริเวณ)ไต้คาง,,,,,,,,,,10,,,,,,,,,,,,,,,,,,,
d0000113,d0000113,มีน้ำออกจากหู,(มีน้ำ((อยู่)?(ข้าง)?ใน|ไหล(ออก(มา)?(จาก)?))(รู)?หู((ข้าง|ด้าน)?(ซ้าย|ขวา)|ทั้งสองข้าง)?|(รู)?หู((ข้าง|ด้าน)?(ซ้าย|ขวา)|ทั้งสองข้าง)?((มี)?น้ำ(อยู่)?(ข้าง)?ใน|ไหล(ออก(มา)?)?)),,,,,,,,,,10,,,,,,,,,,,,,,,,,,,
d0000114,d0000114,ปวดเบ้าตา,ปวด(ที่|ตรง|บริเวณ)?เบ้าตา((ข้าง)?(ซ้าย|ขวา)|ทั้งสองข้าง)?,,,,,,,,,,10,,,,,,,,,,,,,,,,,,,
d0000115,d0000115,ปวดโหนกแก้ม,ปวด(ที่|ตรง|บริเวณ)?โหนกแก้ม((ข้าง|ด้าน)?(ซ้าย|ขวา)|ทั้งสองข้าง)?,,,,,,,,,,10,,,,,,,,,,,,,,,,,,,
d0000116,d0000116,ปวดข้อนิ้ว,ปวด(ที่|ตรง|บริเวณ)?ข้อนิ้ว(มือ)?((ข้าง|ด้าน)?(ซ้าย|ขวา)|ทั้งสองข้าง)?,,,,,,10,,,,,,,,,,,,,,,,,,,,,,,
d0000117,HP0011868,ปวดสะโพกร้าวลงขา,ปวด(ที่|ตรง|บริเวณ)?สะโพก(จากนั้น(ก็)?|แล้ว(ก็)?|ก่อนจะ)ร้าว(ลง)?(ที่)?ขา,,,,,,10,,,,,,,,,,,,,,,,,,,,,,,
d0000118,HP0007340,ขาอ่อนแรง,(ขา((ข้าง)?(ซ้าย|ขวา)|ทั้งสองข้าง)?(อ่อน|ไม่มี)แรง|เดินไม่(ได้|ไหว)),,yes,,,,,,,,,,,,,,,,,,,,,,7,,,10,,
d0000120,HP0025258,ปวดตึงต้นคอ,ปวดตึง(ที่|ตรง|บริเวณ|แถวๆ)?ต้นคอ,,,,,,10,,,,,,,,,,,,,,,,,,,,,,,
d0000122,d0000122,ปวดแขน,ปวด(ทั้ง|ที่|ตรง|บริเวณ|แถวๆ)?แขน((ข้าง)?(ซ้าย|ขวา)|ทั้งสองข้าง)?,,,,,,10,,,,,,,,,,,,,,,,,,,,,,,
d0000123,HP0004324,น้ำหนักมาก,(มี)?(น้ำหนัก|อ้วน)(มาก|ขึ้นผิดปกติ),,,,,,,,,,,,,,,7,,,,,,,,,,,,,,
d0000124,HP0031364,จุดแดง,(มี)?(ขึ้น)?จุด(สี)?แดง(และ|พร้อมกับ)(มี)?จ้ำ(ๆ)?(สี)?เขียว(ๆ)?,,,,,,,,,,,,,,,7,,,,,,,,,,,,,,
d0000125,d0000125,ดีซ่านในทารกแรกเกิด,((เป็น)?ดีซ่านใน(ทารก|เด็ก)(แรก(เกิด|คลอด)|เล็ก)|(ทารก|เด็ก)(แรก(เกิด|คลอด)|เล็ก)(เป็น|มีอาการ)ดีซ่าน),เหลือง,,,,,,,,,,,,,,,,,,,,,,,,,,7,,
d0000126,d0000126,หมดสติ,((หมด|สิ้น|ไม่มี)สติ|ไม่(มีการ)?ตอบสนอง),,,,,,,,,,,,,,,,,,,,,,,,,,,10,,
d0000127,HP0100845,ช็อก,(ช็อก|[ ]?[Ss]hock[ ]?),,,,,,,,,,,,,,,,,,,,,,,,,,,10,,
d0000128,HP0003470,อัมพาต,(อัมพาต|อัมพฤก|หนังตา((ข้าง)?(ซ้าย|ขวา)|ทั้งสองข้าง)?ตก),,,,,,,,,,,,,,,,,,,,,,,,,,,10,,
d0000130,HP0002028,ท้องเดิน,ท้อง(เดิน|เสีย)(เรื้อรัง)?,,,,,,,,,,,5,,,,7,,,,,,,,,,10,,,,
d0000131,d0000131,บิด,(ถ่าย|ขี้|อุจจาระ)(บ่อย(มาก)?)?(ออกมา)?(เหลวเป็น|เป็นน้ำ)?(มูกเลือด|สีแดง)(มีหนองปน|ปนหนอง)?,,,,,,,,,,,,,,,7,,,,,,,,,,10,,,,
d0000132,d0000132,ตกเลือดระหว่างตั้งครรภ์,ตกเลือด(ใน)?(ระหว่าง((การ)?ตั้งครรภ์|ตั้งท้อง))?,,,,,,,,,,,10,,,,,,,,,,,,,,,,,,
d0000133,d0000133,กามโรค,กามโรค(ใน(ผู้ชาย|ผู้หญิง))?,,,,,,,,,,,,,,,,,,,,,,,,,,,,,10
d0000134,d0000134,โรคหนอนพยาธิ,(โรค|(โรค)?หนอน|ถ่าย)?พยาธิ,,,,,,,,,,,,,,,7,,,,,,,,,,5,,,,
d0000135,HP0002464,ลิ้นแข็ง,(ลิ้นแข็ง|(ออกเสียง|พูด)ไม่ได้),,yes,,,,,,,,,,,,,,,,,,,,,,,,,10,,
d0000136,HP0001350,พูดไม่ชัด,พูด(ไม่ชัด|อ้อแอ้|ไม่ถนัด),,yes,,,,,,,,,,,,,,,,,,,,,,,,,10,,
d0000137,d0000137,ชาครึ่งซีก,(ชา(ครึ่งซีก|ซึกขวา|ซึกซ้าย)|(ครึ่งซีก|ซึกขวา|ซึกซ้าย)ชา),,yes,,,,,,,,,,,,,,,,,,,,,,,,,10,,
d0000138,HP0031910,ดื่มแล้วหกจากปาก,ดื่ม(น้ำ|เครื่องดื่ม|อะไรก็ตาม)?แล้วหก(จากปาก)?,,yes,,,,,,,,,,,,,,,,,,,,,,,,,10,,
d0000139,d0000139,ซึมลง,(ซึมลง|(เศร้า)ซึม),,yes,,,,,,,,,,,,,,,,,,,,,,,,,10,,
d0000140,HP0001289,พูดจาสับสน,พูด(จา)?(สับสน((วก|วน)ไป(วน)?มา)?|ไม่รู้เรื่อง),,yes,,,,,,,,,,,,,,,,,,,,,,,,,10,,
d0000141,HP0010534,ความจำหาย,(ความจำหาย(เป็น(ช่วงช่วง|บางครั้ง))?|ลืม),,yes,,,,,,,,,,,,,,,,,,,,,,,,,10,,
d0000142,HP0002587,อาเจียนพุ่ง,อาเจียน(รุนแรง)?(พุ่ง|ออกมา)?เป็นสีเขียว,,yes,,,,,,,,,,,,,,,,,,,,,,,,,10,,
d0000143,HP0001681,แน่นอก,แน่น(หน้า)?อก(เหมือนมีอะไรทับ)?,,yes,,,,,,,,,,,,,,,,,,,,,,,,,10,,
d0000144,d0000144,ปวดหัวเฉียบพลัน,(อยู่(ดีๆ|ๆ)ก็)?ปวด(หัว|ศีรษะ)((ด้าน|ข้าง)?(ซ้าย|ขวา|หน้า|หลัง)|ทั้งสองข้าง)?(มาก(ๆ)?)?(แบบ)?(เฉียบพลัน|ปุ๊บปั๊บ|(จน)?นอน(ต่อไปไม่ได้|ไม่หลับ)(อีกเลย)?),,yes,,,,,,,,,,,,,,,,,,,,,,,,,10,,
d0000145,HP0000961,ตัวหรือหน้าเขียว,(ตัว(หรือหน้า)?|หน้า(หรือตัว)?)เขียว,,yes,,,,,,,,,,,,,,,,,,,,,,,,,10,,
d0000146,HP0046507,หายใจช้า,หายใจ(ช้า|อ่อน(ระทวย)?|ระทวย),,yes,,,,,,,,,,,,,,,,,,,,,,,,,10,,
d0000147,d0000147,ไข้ในเด็กทารก,((เป็น|มี)?ไข้ในเด็ก(ทารก|อ่อน|เล็ก)|เด็ก(ทารก|อ่อน|เล็ก)(เป็น|มี)?ไข้),,yes,,,,,,,,,,,,,,,,,,,,,,,,,10,,
d0000148,d0000148,อุบัติเหตุ,(อุบัติเหตุ|รถ(ชน|ล้ม)|โดน(ยิง|แทง)),,yes,,,,,,,,,,,,,,,,,,,,,,,,,10,,
d0000149,d0000149,โดนสารพิษ,โดน(สาด|ราด|เท)?(สารพิษ|น้ำกรด)((ที่ผิวหนัง|(บริเวณ|ที่)((แขน|ขา))|ลำตัว|(ใบ)?หน้า)((ข้าง)?(ซ้าย|ขวา)|ทั้งสองข้าง)?)?,,yes,,,,,,,,,,,,,,,,,,,,,,,,,10,,
d0000150,d0000150,สำลักสิ่งแปลกปลอม,สำ(ลัก|รอก)((สิ่ง|วัตถุ)แปลกปลอม),,yes,,,,,,,,,,,,,,,,,,,,,,,,,10,,
d0000151,d0000151,เลือดออกไม่หยุด,เลือด(ออก|ไหล)((บริเวณ|ที่|ตรง|จาก)((แขน|ขา))|ลำตัว|(ใบ)?หน้า)((ข้าง)?(ซ้าย|ขวา)|ทั้งสองข้าง)?(ไม่(ยอมหยุด|หยุด(ไหล)?)|ไหลไม่(ยอม)?หยุด),,yes,,,,,,,,,,,,,,,,,,,,,,,,,10,,
d0000152,d0000152,ปวดหัว,(ปวด(หัว|ศีรษะ)((ด้าน|ข้าง)?(ซ้าย|ขวา|หน้า|หลัง)|ทั้งสองข้าง)?|(หัว|ศีรษะ)((ด้าน|ข้าง)?(ซ้าย|ขวา|หน้า|หลัง)|ทั้งสองข้าง)?(มีอาการ)?ปวด),,,,,,,,,,,,,,,,,,,,,,,,,,,10,,
d0000153,d0000153,ตาขวาปิดไม่สนิท,(ตา((ข้าง)?(ซ้าย|ขวา)|ทั้งสองข้าง)?ปิดไม่(สนิท|ลง)|(ปิด|หลับ)ตา((ข้าง)?(ซ้าย|ขวา)|ทั้งสองข้าง)?(ลง)?(ได้)?ไม่(สนิท|ลง)),,yes,,,,,,,,,,,,,,,,,,,,,,,,,10,,
d0000154,d0000154,เห็นจุดดำลอยไปมา,(มอง)?เห็นจุดดำ(ลอยไปมา|ลอยๆ(อยู่)?),,,,,,,,,10,,,,,,,,,,,,,,,,,,,,
d0000155,d0000155,เห็นแสงแฟรช,(มอง)?เห็นแสง(แฟรช|ฟ้าแลบ|แวบ),,,,,,,,,10,,,,,,,,,,,,,,,,,,,,
d0000156,HP0010606,มีตุ่มที่เปลือกตา,(ตากุ้งยิง|ตา((ข้าง)?(ซ้าย|ขวา)|ทั้งสองข้าง)?(เป็นตุ่ม|บวม)แดง|(มี|เกิด)?ตุ่ม(ขึ้น)?(ที่|บริเวณ|ตรง)เปลือกตา((ข้าง)?(ซ้าย|ขวา)|ทั้งสองข้าง)?),,,,,,,,,10,,,,,,,,,,,,,,,,,,,,
d0000157,HP0030532,วัดสายตา,(ต้องการ(นัด)?|มีนัด)?(วัด|ตรวจ)สายตา,,,,,,,,,10,,,,,,,,,,,,,,,,,,,,
d0000158,HP0000613,แสบตา,(แสบตา((ข้าง)?(ซ้าย|ขวา)|ทั้งสองข้าง)?|ตา((ข้าง)?(ซ้าย|ขวา)|ทั้งสองข้าง)?(แสบ|สู้แสงไม่ได้|แฟ้แสงจ้า)),,,,,,,,,10,,,,,,,,,,,,,,,,,,,,
d0000160,d0000160,มองเอียงคอ,(มองเอียงคอ|เอียงหน้า),,,,,,,,,10,,,,,,,,,,,,,,,,,,,,
d0000161,d0000161,มีสิ่งเปลี่ยนปลอมเข้าตา,มี((สิ่ง|วัตถุ)แปลกปลอม|อะไรไม่รู้)เข้าตา((ข้าง)?(ซ้าย|ขวา)|ทั้งสองข้าง)?,,,,,,,,,10,,,,,,,,,,,,,,,,,,,,
d0000162,d0000162,ตรวจเบาหวานขึ้นตา,(ต้องการ(นัด)?|มีนัด)?ตรวจเบาหวานขึ้นตา,,,,,,,,,10,,,,,,,,,,,,,,,,,,,,
d0000163,d0000163,ตรวจครรภ์,(มา|(มี|ขอ)นัด)?ตรวจ(?!อัลตราซาวด์)(ทารก|ลูก|น้อง)(ใน(ครรภ์|ท้อง))?,,,,,,,,,,,10,,,,,,,,,,,,,,,,,,
d0000164,d0000164,เจ็บครรภ์,(เจ็บครรภ์|เจ็บท้อง(จะ)?คลอด|(ครบกำหนด|ได้เวลา)?จะคลอด(น้อง)?|(มี)?น้ำเดิน),,,,,,,,,,,10,,,,,,,,,,,,,,,,,,
d0000165,HP0000704,ปวดเหงือก,(ปวด(ที่|ตรง|บริเวณ|แถวๆ|ใน)?เหงือก|เหงือกปวด),,,,,,,,,,,,,,,,,,,,,,,,,,,,10,
d0000166,HP0000327,ปวดขากรรไกร,ปวด(ที่|ตรง|บริเวณ|แถวๆ)?ขากรรไกร((ข้าง)?(ซ้าย|ขวา)|ทั้งสองข้าง)?,,,,,,,,,,,,,,,,,,,,,,,,,,,,10,
d0000167,HP0011044,ฟันแท้ขึ้น,(รู้สึก)?(เหมือน)?(ว่า)?(จะมี)?ฟันแท้(ขึ้น|งอก)(ออกมา)?,,,,,,,,,,,,,,,,,,,,,,,,,,,,10,
d0000169,d0000169,ฟันน้ำนมไม่หลุด,ฟันน้ำนม(ด้าน)?(หน้า|บน|ล่าง)?(ด้าน|ฝั่ง|ซีก)?(ซ้าย|ขวา)?ไม่(ยอม)?หลุด,,,,,,,,,,,,,,,,,,,,,,,,,,,,10,
d0000171,d0000171,ฟันแตก,ฟัน((กราม|หน้า)?ด้าน((บน|ล่าง)((ฝั่ง|ซีก)?(ซ้าย|ขวา))?|((ฝั่ง|ซีก)(ซ้าย|ขวา)(ด้าน|ส่วน)?(บน|ล่าง)?)))?แตก,,,,,,,,,,,,,,,,,,,,,,,,,,,,10,
d0000172,d0000172,ฟันบิ่น,ฟัน((กราม|หน้า)?ด้าน((บน|ล่าง)((ฝั่ง|ซีก)?(ซ้าย|ขวา))?|((ฝั่ง|ซีก)(ซ้าย|ขวา)(ด้าน|ส่วน)?(บน|ล่าง)?)))?บิ่น,,,,,,,,,,,,,,,,,,,,,,,,,,,,10,
d0000173,d0000173,ฟันกระแทก,(ฟัน((กราม|หน้า)?ด้าน((บน|ล่าง)((ฝั่ง|ซีก)?(ซ้าย|ขวา))?|((ฝั่ง|ซีก)(ซ้าย|ขวา)(ด้าน|ส่วน)?(บน|ล่าง)?)))?โดนกระแทก|ล้มกระแทกโดนฟัน((กราม|หน้า)?ด้าน((บน|ล่าง)((ฝั่ง|ซีก)?(ซ้าย|ขวา))?|((ฝั่ง|ซีก)(ซ้าย|ขวา)(ด้าน|ส่วน)?(บน|ล่าง)?)))?),,,,,,,,,,,,,,,,,,,,,,,,,,,,10,
d0000174,d0000174,ครอบฟันหลุด,(ทำ)?ครอบฟัน((กราม|หน้า)?ด้าน((บน|ล่าง)((ฝั่ง|ซีก)?(ซ้าย|ขวา))?|((ฝั่ง|ซีก)(ซ้าย|ขวา)(ด้าน|ส่วน)?(บน|ล่าง)?)))?หลุด(ออก)?(มา)?,,,,,,,,,,,,,,,,,,,,,,,,,,,,10,
d0000175,d0000175,ลวดทิ่ม,(โดน)?ลวดเหล็กดัดฟัน((กราม|หน้า)?ด้าน((บน|ล่าง)((ฝั่ง|ซีก)?(ซ้าย|ขวา))?|((ฝั่ง|ซีก)(ซ้าย|ขวา)(ด้าน|ส่วน)?(บน|ล่าง)?)))?(ทิ่ม|แทง),,,,,,,,,,,,,,,,,,,,,,,,,,,,10,
d0000176,d0000176,ปรึกษารากฟันเทียม,(ต้องการ|อยาก|มา)?(ปรึกษา)?(การ)?(ทำ)?รากฟันเทียม,,,,,,,,,,,,,,,,,,,,,,,,,,,,10,
d0000177,HP0000419,ปวดโพรงจมูก,((มีอาการ)?ปวด(ที่|ตรง|บริเวณ|แถวๆ|ใน)โพรงจมูก((ข้าง)?(ซ้าย|ขวา)|ทั้งสองข้าง)?|โพรงจมูก((ข้าง)?(ซ้าย|ขวา)|ทั้งสองข้าง)?(มีอาการ)?ปวด),,,,,,,,,,10,,,,,,,,,,,,,,,,,,,
d0000178,d0000178,ปวดระหว่างคิ้ว,ปวด(ที่|ตรง|บริเวณ|แถวๆ)(ระหว่าง|ที่)?(หัว)?คิ้ว,,,,,,,,,,10,,,,,,,,,,,,,,,,,,,
d0000179,d0000179,ดูดขี้หู,(ต้องการ|อยาก|มา)?(ทำ)?(การ)?ดูดขี้หู((ข้าง)?(ซ้าย|ขวา)|ทั้งสองข้าง)?(ออก)?,,,,,,,,,,10,,,,,,,,,,,,,,,,,,,
d0000180,d0000180,จมูกบวม,(จมูก(บวม(พอง)?|พอง)|บวม(พอง)?ตรง(ที่)?จมูก),,,,,,,,,,10,,,,,,,,,,,,,,,,,,,
d0000181,d0000181,ปวดหลังชาลงขา,ปวดหลัง(แล้ว|ก่อน|จากนั้น)(ชาลง|ลามไป)(ถึง|ที่)?ขา((ข้าง)?(ซ้าย|ขวา)|ทั้งสองข้าง)?,,,,,,,10,,,,,,,,,,,,,,,,,,,,,,
d0000182,HP0008480,ปวดคอชาลงแขน,ปวดคอ(จากนั้น|แล้ว)(ชาลง|ลามไป)(ถึง|ที่)?แขน((ข้าง)?(ซ้าย|ขวา)|ทั้งสองข้าง)?,,,,,,,10,,,,,,,,,,,,,,,,,,,,,,
d0000183,d0000183,ปวดคอร้าวขึ้นศีรษะ,ปวดคอ(จากนั้น|แล้ว|ก่อน(จะ)?)(ร้าว(ขึ้น)?|ลาม(ขึ้น)?ไป)(ถึง|ที่)?(ศีรษะ|หัว),,,,,,,10,,,,,,,,,,,,,,,,,,,,,,
d0000184,HP0030836,ปวดข้อมือ,(ปวด(ที่|ตรง|บริเวณ|แถวๆ)?ข้อมือ((ข้าง)?(ซ้าย|ขวา)|ทั้งสองข้าง)?|(ที่|ตรง|บริเวณ|แถวๆ)?ข้อมือ((ข้าง)?(ซ้าย|ขวา)|ทั้งสองข้าง)?(มีอาการ)?ปวด),,,,,,,10,,,,,,,,,,,,,,,,,,,,,,
d0000185,d0000185,ชาที่นิ้วมือ,ชา(ที่|ตรง|บริเวณ|แถวๆ)นิ้วมือ((ข้าง)?(ซ้าย|ขวา)|ทั้งสองข้าง)?,,,,,,,10,,,,,,,,,,,,,,,,,,,,,,
d0000186,HP0000782,สะบัก,((เจ็บ|ปวด)(ที่|ตรง|บริเวณ|แถวๆ)สะบัก((ข้าง)?(ซ้าย|ขวา)|ทั้งสองข้าง)?|(ที่|ตรง|บริเวณ|แถวๆ)สะบัก((ข้าง)?(ซ้าย|ขวา)|ทั้งสองข้าง)?(เจ็บ|ปวด)),,,,,,,10,,,,,,,,,,,,,,,,,,,,,,
d0000187,d0000187,เจ็บชายโครง,เจ็บ(ที่|ตรง|บริเวณ|แถวๆ)ชายโครง((ข้าง)?(ซ้าย|ขวา)|ทั้งสองข้าง)?(หลังออกกำลังกาย)?,,,,,,,10,,,,,,,,,,,,,,,,,,,,,,
d0000188,HP0030839,ปวดเข่า,(ปวด(ที่|ตรง|บริเวณ|แถวๆ)เข่า((ข้าง)?(ซ้าย|ขวา)|ทั้งสองข้าง)?|เข่า((ข้าง)?(ซ้าย|ขวา)|ทั้งสองข้าง)?ปวด(มาก)?),,,,,,,10,,,,,,,,,,,,,,,,,,,,,,
d0000189,d0000189,โปรแกรมตรวจสุขภาพ,(ต้องการ(อยาก)?|อยาก|มา)ขอดู(ข้อมูล)?(เกี่ยวกับ)?โปรแกรม(ตรวจ)?(เช็ค)?สุขภาพ,,,,,,,,10,,,,,,,,,,,,,,,,,,,,,
d0000190,d0000190,หมอพร้อม,(ต้องการ(อยาก)?|อยาก|มา)ลงทะเบียนหมอพร้อม,,,,,,,,,,,,,,,,,,,,,,,,,,,,,
